{
   "$ver": "1.0.4",
   "$horionhacks": false,
   "$wursthacks": false,
   "$vapehacks": false,
   "$packethacks": false,
   "$vectorhacks": false,
   "$meteorhacks": false,
   "$hotbarswitcher": false,
   "$inventoryhud": false,
   "$gamma10": false,
   "$gamma20": false,
   "$gamma30": false,
   "$gamma40": false,
   "$gamma50": false,
   "$gamma60": false,
   "$gamma70": false,
   "$gamma80": false,
   "$gamma90": false,
   "$gamma100": false,
   "$waifu": false,
   "$armorhud": false,
   "$offhandhud": false,
   "$playerlisttoggle": false,
   "$f1": false,
   "$f8": false,
   "$f3": false,
   "$crosshair1": false,
   "$crosshair2": false,
   "$crosshair3": false,
   "$crosshair4": false,
   "$crosshair5": false,
   "$crosshair6": false,
   "$crosshair7": false,
   "$crosshair8": false,
   "$crosshair9": false,
   "$crosshair10": false,
   "$crosshair11": false,
   "$crosshair12": false,
   "$crosshair13": false,
   "$crosshair14": false,
   "$crosshair15": false,
   "$crosshair16": false,
   "$crosshair17": false,
   "$crosshair18": false,
   "$crosshair19": false,
   "$crosshair20": false,
   "$crosshair21": false,
   "$crosshair22": false,
   "$crosshair23": false,
   "$crosshair24": false,
   "$crosshair25": false,
   "$crosshair26": false,
   "$crosshair27": false,
   "$crosshair28": false,
   "$crosshair29": false,
   "$crosshair30": false,
   "$javachat": false,
   "$bettervig": false
}