{
   "base_toggle": {
      "$offset|default": "",
      "$texture|default": "",
      "controls": [
         {
            "label": {
               "font_type": "default",
               "layer": 3,
               "offset": "$text_offset",
               "text": "$button_text",
               "type": "label",
               "color": "$text_color"
            }
         }
      ],
      "layer": 2,
      "size": [
         "100%",
         "100%"
      ],
      "texture": "$texture",
      "type": "image"
   },
   "base_toggle_icon": {
      "$offset|default": "",
      "$text_color|default": [
         1,
         1,
         1
      ],
      "$texture|default": "",
      "controls": [
         {
            "label": {
               "$text_offset": [
                  0,
                  "20%"
               ],
               "$ytils_font_scale": 0.9,
               "color": [
                  1,
                  1,
                  1
               ],
               "font_scale_factor": "$ytils_font_scale",
               "font_type": "default",
               "layer": 3,
               "max_size": [
                  "100% - 2px",
                  "100% - 2px"
               ],
               "offset": "$text_offset",
               "text": "$button_text",
               "type": "label"
            }
         },
         {
            "icon": {
               "anchor_from": "center",
               "anchor_to": "center",
               "layer": 3,
               "offset": [
                  "0",
                  "-14%"
               ],
               "size": [
                  "34%",
                  28
               ],
               "texture": "$icon_texture",
               "type": "image"
            }
         }
      ],
      "layer": 2,
      "size": [
         "100%",
         "100%"
      ],
      "texture": "$texture",
      "type": "image"
   },
   "fjxtwd": {
      "anchor_from": "center",
      "anchor_to": "center",
      "controls": [
         {
            "modules@hud_modules.modules1": {}
         },
         {
            "ytilsimg": {
               "size": [
                  "29.5",
                  4
               ],
               "texture": ".ytils/bg/clear",
               "type": "image"
            }
         },
         {
            "modules@hud_modules.modules2": {}
         },
         {
            "ytilsimg": {
               "size": [
                  "29.5%",
                  4
               ],
               "texture": ".ytils/bg/clear",
               "type": "image"
            }
         },
         {
            "modules@hud_modules.modules3": {}
         },
         {
            "ytilsimg": {
               "size": [
                  "29.5%",
                  4
               ],
               "texture": ".ytils/bg/clear",
               "type": "image"
            }
         },
         {
            "modules@hud_modules.modules4": {}
         },
         {
            "ytilsimg": {
               "size": [
                  "29.5%",
                  4
               ],
               "texture": ".ytils/bg/clear",
               "type": "image"
            }
         },
         {
            "modules@hud_modules.modules5": {}
         },
         {
            "ytilsimg": {
               "size": [
                  "29.5%",
                  4
               ],
               "texture": ".ytils/bg/clear",
               "type": "image"
            }
         },
         {
            "modules@hud_modules.modules6": {}
         },
         {
            "ytilsimg": {
               "size": [
                  "29.5%",
                  4
               ],
               "texture": ".ytils/bg/clear",
               "type": "image"
            }
         },
         {
            "modules@hud_modules.modules7": {}
         },
         {
            "ytilsimg": {
               "size": [
                  "29.5%",
                  4
               ],
               "texture": ".ytils/bg/clear",
               "type": "image"
            }
         },
         {
            "modules@hud_modules.modules8": {}
         },
         {
            "ytilsimg": {
               "size": [
                  "29.5%",
                  4
               ],
               "texture": ".ytils/bg/clear",
               "type": "image"
            }
         },
         {
            "modules@hud_modules.modules9": {}
         },
         {
            "ytilsimg": {
               "size": [
                  "29.5%",
                  4
               ],
               "texture": ".ytils/bg/clear",
               "type": "image"
            }
         },
         {
            "modules@hud_modules.modules10": {}
         },
         {
            "ytilsimg": {
               "size": [
                  "29.5%",
                  4
               ],
               "texture": ".ytils/bg/clear",
               "type": "image"
            }
         },
         {
            "modules@hud_modules.modules11": {}
         },
         {
            "ytilsimg": {
               "size": [
                  "29.5%",
                  4
               ],
               "texture": ".ytils/bg/clear",
               "type": "image"
            }
         },
         {
            "modules@hud_modules.modules12": {}
         },
         {
            "ytilsimg": {
               "size": [
                  "29.5%",
                  4
               ],
               "texture": ".ytils/bg/clear",
               "type": "image"
            }
         },
         {
            "modules@hud_modules.modules13": {}
         },
         {
            "ytilsimg": {
               "size": [
                  "29.5%",
                  4
               ],
               "texture": ".ytils/bg/clear",
               "type": "image"
            }
         },
         {
            "modules@hud_modules.modules14": {}
         },
         {
            "ytilsimg": {
               "size": [
                  "29.5%",
                  4
               ],
               "texture": ".ytils/bg/clear",
               "type": "image"
            }
         },
         {
            "modules@hud_modules.modules15": {}
         },
         {
            "ytilsimg": {
               "size": [
                  "29.5%",
                  4
               ],
               "texture": ".ytils/bg/clear",
               "type": "image"
            }
         },
         {
            "modules@hud_modules.modules16": {}
         },
         {
            "ytilsimg": {
               "size": [
                  "29.5%",
                  4
               ],
               "texture": ".ytils/bg/clear",
               "type": "image"
            }
         },
         {
            "modules@hud_modules.modules17": {}
         },
         {
            "ytilsimg": {
               "size": [
                  "29.5%",
                  4
               ],
               "texture": ".ytils/bg/clear",
               "type": "image"
            }
         },
         {
            "modules@hud_modules.modules18": {}
         },
         {
            "ytilsimg": {
               "size": [
                  "29.5%",
                  4
               ],
               "texture": ".ytils/bg/clear",
               "type": "image"
            }
         },
         {
            "modules@hud_modules.modules19": {}
         },
         {
            "ytilsimg": {
               "size": [
                  "29.5%",
                  2
               ],
               "texture": ".ytils/bg/clear",
               "type": "image"
            }
         }
      ],
      "offset": [
         0,
         0
      ],
      "size": [
         "100%",
         "100%c"
      ],
      "type": "stack_panel"
   },
   "hud_menu": {
      "controls": [
         {
            "outline@hud_modules.hud_menu_outline": {}
         },
         {
            "bg@hud_modules.hud_menu_bg": {}
         },
         {
            "content@hud_modules.hud_menu_content": {}
         }
      ],
      "layer": 999,
      "size": [
         "50%",
         "70%x"
      ],
      "type": "panel"
   },
   "hud_menu_bg": {
      "layer": 998,
      "size": [
         "100%",
         "100%"
      ],
      "texture": ".ytils/bg/modulesdarkbg",
      "type": "image"
   },
   "hud_menu_content": {
      "controls": [
         {
            "hud_menu_tabs@hud_modules.hud_menu_tabs": {}
         },
         {
            "d1@hud_modules.hud_menu_vertical_divider": {}
         },
         {
            "hud_menu_main_content@hud_modules.hud_menu_main_content": {
               "bindings": [
                  {
                     "binding_type": "view",
                     "source_control_name": "modules_panel",
                     "source_property_name": "#toggle_state",
                     "target_property_name": "#visible"
                  }
               ]
            }
         },
         {
            "hud_menu_info_content@hud_modules.hud_menu_info_content": {
               "bindings": [
                  {
                     "binding_type": "view",
                     "source_control_name": "info_panel",
                     "source_property_name": "#toggle_state",
                     "target_property_name": "#visible"
                  }
               ]
            }
         },
         {
            "hud_menu_layout_content@hud_modules.hud_menu_layout_content": {
               "bindings": [
                  {
                     "binding_type": "view",
                     "source_control_name": "layout_panel",
                     "source_property_name": "#toggle_state",
                     "target_property_name": "#visible"
                  }
               ]
            }
         }
      ],
      "layer": 1000,
      "orientation": "vertical",
      "size": [
         "100%",
         "100%"
      ],
      "type": "stack_panel"
   },
   "hud_menu_info_content": {
      "bindings": [
         {
            "binding_type": "view",
            "source_control_name": "info_panel",
            "source_property_name": "#toggle_state",
            "target_property_name": "#visible"
         }
      ],
      "controls": [
         {
            "footer@hud_modules.infofooter": {
               "anchor_from": "bottom_middle",
               "anchor_to": "bottom_middle",
               "layer": 2000
            }
         },
         {
            "Idk": {
               "controls": [
                  {
                     "info@hud_modules.info_panel": {
                        "offset": [
                           2,
                           4
                        ]
                     }
                  }
               ],
               "layer": 1003,
               "offset": [
                  0,
                  "-13%"
               ],
               "size": [
                  "100%",
                  "87%"
               ],
               "type": "panel"
            }
         }
      ],
      "layer": 1003,
      "size": [
         "100%",
         "90%"
      ],
      "type": "panel"
   },
   "hud_menu_layout_content": {
      "bindings": [
         {
            "binding_type": "view",
            "source_control_name": "layout_panel",
            "source_property_name": "#toggle_state",
            "target_property_name": "#visible"
         }
      ],
      "controls": [
         {
            "content@hud_modules.layout_panel": {}
         },
         {
            "footer@hud_modules.layoutfooter": {
               "anchor_from": "bottom_middle",
               "anchor_to": "bottom_middle"
            }
         }
      ],
      "layer": 1003,
      "size": [
         "100%",
         "90%"
      ],
      "type": "panel"
   },
   "hud_menu_main_content": {
      "bindings": [
         {
            "binding_type": "view",
            "source_control_name": "modules_panel",
            "source_property_name": "#toggle_state",
            "target_property_name": "#visible"
         }
      ],
      "controls": [
         {
            "modules@hud_modules.mods_list": {
               "offset": [
                  2,
                  "-8%"
               ],
               "size": [
                  "100%",
                  "92%"
               ]
            }
         },
         {
            "footer@hud_modules.modulesfooter": {
               "anchor_from": "bottom_middle",
               "anchor_to": "bottom_middle"
            }
         }
      ],
      "layer": 1003,
      "size": [
         "100%",
         "90%"
      ],
      "type": "panel"
   },
   "hud_menu_outline": {
      "layer": 997,
      "size": [
         "100% + 2px",
         "100% + 2px"
      ],
      "texture": ".ytils/bg/outline",
      "type": "image"
   },
   "hud_menu_tabs": {
      "controls": [
         {
            "bg@hud_modules.hud_menu_tabs_bg": {}
         },
         {
            "tabs@hud_modules.tabs_panel": {}
         }
      ],
      "layer": 1003,
      "offset": [
         0,
         "-8%"
      ],
      "size": [
         "100%",
         "12% - 1px"
      ],
      "type": "panel"
   },
   "hud_menu_tabs_bg": {
      "layer": 1001,
      "size": [
         "100%",
         "100%"
      ],
      "texture": ".ytils/bg/modulesbg",
      "type": "image"
   },
   "hud_menu_vertical_divider": {
      "layer": 9999,
      "size": [
         "100%",
         "5%"
      ],
      "texture": ".ytils/ui/divider",
      "type": "image"
   },
   "hud_modules_panel": {
      "controls": [
         {
            "hud_menu@hud_modules.hud_menu": {
               "bindings": [
                  {
                     "binding_type": "view",
                     "source_control_name": "ytils_hide_menu",
                     "source_property_name": "#toggle_state",
                     "target_property_name": "#visible"
                  }
               ]
            }
         }
      ],
      "size": [
         "100%",
         "100%"
      ],
      "type": "panel"
   },
   "info": {
      "controls": [
         {
            "firstheader": {
               "font_type": "MinecraftTen",
               "max_size": [
                  "94%",
                  10
               ],
               "size": [
                  "default",
                  10
               ],
               "text": "Open Mod Menu",
               "text_alignment": "left_middle",
               "type": "label"
            }
         },
         {
            "hud_menu_vertical_divider": {
               "layer": 9999,
               "size": [
                  "100%",
                  "2px"
               ],
               "texture": ".ytils/ui/divider",
               "type": "image"
            }
         },
         {
            "howto": {
               "font_type": "default",
               "max_size": [
                  "94%",
                  "default"
               ],
               "size": [
                  "default",
                  10
               ],
               "text": "- to open the mod menu",
               "text_alignment": "left_middle",
               "type": "label"
            }
         },
         {
            "howto": {
               "font_type": "default",
               "max_size": [
                  "94%",
                  "default"
               ],
               "size": [
                  "default",
                  10
               ],
               "text": "- click on the pause button, open the pause screen",
               "text_alignment": "left_middle",
               "type": "label"
            }
         },
         {
            "howto": {
               "font_type": "default",
               "max_size": [
                  "94%",
                  "default"
               ],
               "size": [
                  "default",
                  10
               ],
               "text": "- then click on the §aYtils Settings§r Button",
               "text_alignment": "left_middle",
               "type": "label"
            }
         },
         {
            "hud_menu_vertical_divider": {
               "layer": 9999,
               "size": [
                  "100%",
                  "2px"
               ],
               "texture": ".ytils/ui/divider",
               "type": "image"
            }
         },
         {
            "secondheader": {
               "font_type": "MinecraftTen",
               "max_size": [
                  "94%",
                  "default"
               ],
               "size": [
                  "default",
                  10
               ],
               "text": "Ytils - Modules",
               "text_alignment": "left_middle",
               "type": "label"
            }
         },
         {
            "hud_menu_vertical_divider": {
               "layer": 9999,
               "size": [
                  "100%",
                  "2px"
               ],
               "texture": ".ytils/ui/divider",
               "type": "image"
            }
         },
         {
            "about": {
               "font_type": "default",
               "max_size": [
                  "94%",
                  "default"
               ],
               "size": [
                  "default",
                  10
               ],
               "text": "Ytils stands out as one of the top utility packs",
               "text_alignment": "left_middle",
               "type": "label"
            }
         },
         {
            "about": {
               "font_type": "default",
               "max_size": [
                  "94%",
                  "default"
               ],
               "size": [
                  "default",
                  10
               ],
               "text": "available online. Unlike other packs, Ytils preserves",
               "text_alignment": "left_middle",
               "type": "label"
            }
         },
         {
            "about": {
               "font_type": "default",
               "max_size": [
                  "94%",
                  "default"
               ],
               "size": [
                  "default",
                  10
               ],
               "text": "the Vanilla Ui, offering a compact pack with numerous features",
               "text_alignment": "left_middle",
               "type": "label"
            }
         },
         {
            "about": {
               "font_type": "default",
               "max_size": [
                  "94%",
                  "default"
               ],
               "size": [
                  "default",
                  10
               ],
               "text": "while allowing users to apply their",
               "text_alignment": "left_middle",
               "type": "label"
            }
         },
         {
            "about": {
               "font_type": "default",
               "max_size": [
                  "94%",
                  "default"
               ],
               "size": [
                  "default",
                  10
               ],
               "text": "favorite Ui packs.",
               "text_alignment": "left_middle",
               "type": "label"
            }
         },
         {
            "hud_menu_vertical_divider": {
               "layer": 9999,
               "size": [
                  "100%",
                  "2px"
               ],
               "texture": ".ytils/ui/divider",
               "type": "image"
            }
         },
         {
            "thirdheader": {
               "font_type": "MinecraftTen",
               "max_size": [
                  "94%",
                  "default"
               ],
               "size": [
                  "default",
                  10
               ],
               "text": "Credits",
               "text_alignment": "left_middle",
               "type": "label"
            }
         },
         {
            "hud_menu_vertical_divider": {
               "layer": 9999,
               "size": [
                  "100%",
                  "2px"
               ],
               "texture": ".ytils/ui/divider",
               "type": "image"
            }
         },
         {
            "creds": {
               "font_type": "default",
               "max_size": [
                  "94%",
                  "default"
               ],
               "size": [
                  "default",
                  10
               ],
               "text": "- Creator/author: Yami(me)",
               "text_alignment": "left_middle",
               "type": "label"
            }
         },
         {
            "creds": {
               "font_type": "default",
               "max_size": [
                  "94%",
                  "default"
               ],
               "size": [
                  "default",
                  10
               ],
               "text": "- Helper/parity fixer: DVG",
               "text_alignment": "left_middle",
               "type": "label"
            }
         },
         {
            "creds": {
               "font_type": "default",
               "max_size": [
                  "94%",
                  "default"
               ],
               "size": [
                  "default",
                  10
               ],
               "text": "- armorhud/offhandhud template: Pepe",
               "text_alignment": "left_middle",
               "type": "label"
            }
         },
         {
            "creds": {
               "font_type": "default",
               "max_size": [
                  "94%",
                  "default"
               ],
               "size": [
                  "default",
                  10
               ],
               "text": "- playerlist template: theorist",
               "text_alignment": "left_middle",
               "type": "label"
            }
         },
         {
            "hud_menu_vertical_divider": {
               "layer": 9999,
               "size": [
                  "100%",
                  "2px"
               ],
               "texture": ".ytils/ui/divider",
               "type": "image"
            }
         },
         {
            "forthheader": {
               "font_type": "MinecraftTen",
               "max_size": [
                  "94%",
                  "default"
               ],
               "size": [
                  "default",
                  10
               ],
               "text": "Links",
               "text_alignment": "left_middle",
               "type": "label"
            }
         },
         {
            "hud_menu_vertical_divider": {
               "layer": 9999,
               "size": [
                  "100%",
                  "2px"
               ],
               "texture": ".ytils/ui/divider",
               "type": "image"
            }
         },
         {
            "link": {
               "font_type": "default",
               "max_size": [
                  "94%",
                  "default"
               ],
               "size": [
                  "default",
                  10
               ],
               "text": "§1Discord:§r https://discord.com/invite/8u47KB5Wph",
               "text_alignment": "left_middle",
               "type": "label"
            }
         },
         {
            "link": {
               "font_type": "default",
               "max_size": [
                  "94%",
                  "default"
               ],
               "size": [
                  "default",
                  10
               ],
               "text": "§4Youtube(owner):§r https://youtube.com/@sucidal-yami",
               "text_alignment": "left_middle",
               "type": "label"
            }
         },
         {
            "link": {
               "font_type": "default",
               "max_size": [
                  "94%",
                  "default"
               ],
               "size": [
                  "default",
                  10
               ],
               "text": "§4Youtube(DVG):§r https://youtube.com/@DVGMCPE",
               "text_alignment": "left_middle",
               "type": "label"
            }
         },
         {
            "link": {
               "font_type": "default",
               "max_size": [
                  "94%",
                  "default"
               ],
               "size": [
                  "default",
                  10
               ],
               "text": "§4Youtube(Pepe):§r https://youtube.com/@PepeOnYoutube",
               "text_alignment": "left_middle",
               "type": "label"
            }
         },
         {
            "link": {
               "font_type": "default",
               "max_size": [
                  "94%",
                  "default"
               ],
               "size": [
                  "default",
                  10
               ],
               "text": "§7github(theorist):§r https://github.com/TheoristMC",
               "text_alignment": "left_middle",
               "type": "label"
            }
         },
         {
            "hud_menu_vertical_divider": {
               "layer": 9999,
               "size": [
                  "100%",
                  "3px"
               ],
               "texture": ".ytils/ui/divider",
               "type": "image"
            }
         },
         {
            "fithheader": {
               "font_type": "MinecraftTen",
               "max_size": [
                  "94%",
                  "default"
               ],
               "size": [
                  "default",
                  10
               ],
               "text": "Only to Be downloaded from my §6v2link",
               "text_alignment": "left_middle",
               "type": "label"
            }
         },
         {
            "hud_menu_vertical_divider": {
               "layer": 9999,
               "size": [
                  "100%",
                  "2px"
               ],
               "texture": ".ytils/ui/divider",
               "type": "image"
            }
         },
         {
            "ytilsimg": {
               "size": [
                  "29.5%",
                  4
               ],
               "texture": ".ytils/bg/clear",
               "type": "image"
            }
         }
      ],
      "offset": [
         2,
         4
      ],
      "size": [
         "100%",
         "100%c"
      ],
      "type": "stack_panel"
   },
   "info_panel@common.scrolling_panel": {
      "$scrolling_content": "hud_modules.info",
      "$show_background": false,
      "anchor_from": "center",
      "anchor_to": "center",
      "layer": "2000",
      "size": [
         "100%",
         "100%"
      ]
   },
   "infofooter": {
      "controls": [
         {
            "label_modules": {
               "color": [
                  1,
                  1,
                  1
               ],
               "font_size": "large",
               "font_type": "MinecraftTen",
               "text": "INFORMATION",
               "text_alignment": "center",
               "type": "label",
               "font_scale_factor": 0.9
            }
         }
      ],
      "layer": "99999",
      "size": [
         "100%",
         "13%"
      ],
      "texture": ".ytils/bg/background_header",
      "type": "image"
   },
   "last": {
      "size": [
         "8",
         17.5
      ],
      "type": "panel"
   },
   "layout_panel@hud_modules.ytilsp": {
      "anchor_from": "center",
      "anchor_to": "center",
      "controls": [
         {
            "layouttext": {
               "controls": [
                  {
                     "label_modules": {
                        "color": [
                           1,
                           1,
                           1
                        ],
                        "font_size": "large",
                        "font_type": "MinecraftTen",
                        "text": "Coming soon..",
                        "text_alignment": "center",
                        "type": "label"
                     }
                  }
               ],
               "layer": "99999",
               "texture": ".ytils/bg/background_header",
               "type": "image",
               "size": [
                  "80%",
                  "13%"
               ]
            }
         }
      ],
      "size": [
         "100%",
         "100%"
      ]
   },
   "layoutfooter": {
      "controls": [
         {
            "label_modules": {
               "color": [
                  1,
                  1,
                  1
               ],
               "font_size": "large",
               "font_type": "MinecraftTen",
               "text": "LAYOUT",
               "text_alignment": "center",
               "type": "label",
               "font_scale_factor": 0.9
            }
         }
      ],
      "layer": "99999",
      "size": [
         "100%",
         "13%"
      ],
      "texture": ".ytils/bg/background_header",
      "type": "image"
   },
   "logo": {
      "texture": ".ytils/icons/logo",
      "type": "image"
   },
   "main_toggle_content@common_toggles.light_text_toggle": {
      "$border_alpha": 0,
      "$default_texture": ".ytils/buttons/title_green_button/normal",
      "$hover_texture": ".ytils/buttons/title_green_button/hover",
      "$locked_texture": ".ytils/buttons/title_green_button/pressed",
      "$pressed_no_hover_texture": ".ytils/buttons/title_green_button/pressed",
      "$pressed_texture": ".ytils/buttons/title_green_button/normal_pressed",
      "$radio_toggle_group": true,
      "$toggle_group_default_selected": 1,
      "$toggle_name": "mod_tab",
      "$toggle_on_hover_binding_name": "#toggle_on_hover",
      "$toggle_on_hover_binding_type": "global",
      "$toggle_tab_focus_binding_name": "#mod_tab_focus_precedence",
      "$toggle_tab_focus_binding_type": "global"
   },
   "mods_list@common.scrolling_panel": {
      "$scrolling_content": "hud_modules.fjxtwd",
      "$show_background": false,
      "anchor_from": "center",
      "anchor_to": "center",
      "size": [
         "100%",
         "100%"
      ]
   },
   "modules": {
      "controls": [
         {
            "modules@hud_modules.fjxtwd": {}
         }
      ],
      "size": [
         "90%",
         "100%"
      ],
      "type": "panel"
   },
   "modules1": {
      "controls": [
         {
            "feature1@hud_modules.toggle": {
               "$button_text": "fakehacks(horion)",
               "$icon_texture": ".ytils/icons/horion_icon",
               "$radio_toggle_group": false,
               "$tab_view_binding_name": "horion",
               "$toggle_view_binding_name": "horion",
               "$toggle_default_state": "$horionhacks"
            }
         },
         {
            "padding@hud_modules.ytilsp": {
               "size": [
                  "5%",
                  "29.5%"
               ]
            }
         },
         {
            "feature2@hud_modules.toggle": {
               "$button_text": "Fake Hacks(wurst)",
               "$icon_texture": ".ytils/icons/wurst_icon",
               "$radio_toggle_group": false,
               "$tab_view_binding_name": "wurst",
               "$toggle_view_binding_name": "wurst",
               "$toggle_default_state": "$wursthacks"
            }
         },
         {
            "padding1@hud_modules.ytilsp": {
               "size": [
                  "5%",
                  "28%"
               ]
            }
         },
         {
            "feature3@hud_modules.toggle": {
               "$button_text": "fake hacks(vape)",
               "$icon_texture": ".ytils/icons/vape_icon",
               "$radio_toggle_group": false,
               "$tab_view_binding_name": "vape",
               "$toggle_view_binding_name": "vape",
               "$toggle_default_state": "$vapehacks"
            }
         }
      ],
      "orientation": "horizontal",
      "size": [
         "32%",
         70
      ],
      "type": "stack_panel"
   },
   "modules10": {
      "controls": [
         {
            "feature5@hud_modules.toggle": {
               "$button_text": "Crosshair 4",
               "$icon_texture": ".ytils/crosshair/3",
               "$radio_toggle_group": false,
               "$tab_view_binding_name": "p3",
               "$toggle_view_binding_name": "p3",
               "$toggle_default_state": "$crosshair4"
            }
         },
         {
            "padding@hud_modules.ytilsp": {
               "size": [
                  "5%",
                  "29.5%"
               ]
            }
         },
         {
            "feature5@hud_modules.toggle": {
               "$button_text": "Crosshair 5",
               "$icon_texture": ".ytils/crosshair/4",
               "$radio_toggle_group": false,
               "$tab_view_binding_name": "p4",
               "$toggle_view_binding_name": "p4",
               "$toggle_default_state": "$crosshair5"
            }
         },
         {
            "padding1@hud_modules.ytilsp": {
               "size": [
                  "5%",
                  "28%"
               ]
            }
         },
         {
            "feature5@hud_modules.toggle": {
               "$button_text": "Crosshair 6",
               "$icon_texture": ".ytils/crosshair/5",
               "$radio_toggle_group": false,
               "$tab_view_binding_name": "p5",
               "$toggle_view_binding_name": "p5",
               "$toggle_default_state": "$crosshair6"
            }
         }
      ],
      "orientation": "horizontal",
      "size": [
         "32%",
         70
      ],
      "type": "stack_panel"
   },
   "modules11": {
      "controls": [
         {
            "feature5@hud_modules.toggle": {
               "$button_text": "Crosshair 7",
               "$icon_texture": ".ytils/crosshair/6",
               "$radio_toggle_group": false,
               "$tab_view_binding_name": "p6",
               "$toggle_view_binding_name": "p6",
               "$toggle_default_state": "$crosshair7"
            }
         },
         {
            "padding@hud_modules.ytilsp": {
               "size": [
                  "5%",
                  "29.5%"
               ]
            }
         },
         {
            "feature5@hud_modules.toggle": {
               "$button_text": "Crosshair 8",
               "$icon_texture": ".ytils/crosshair/7",
               "$radio_toggle_group": false,
               "$tab_view_binding_name": "p7",
               "$toggle_view_binding_name": "p7",
               "$toggle_default_state": "$crosshair8"
            }
         },
         {
            "padding1@hud_modules.ytilsp": {
               "size": [
                  "5%",
                  "28%"
               ]
            }
         },
         {
            "feature5@hud_modules.toggle": {
               "$button_text": "Crosshair 9",
               "$icon_texture": ".ytils/crosshair/8",
               "$radio_toggle_group": false,
               "$tab_view_binding_name": "p8",
               "$toggle_view_binding_name": "p8",
               "$toggle_default_state": "$crosshair9"
            }
         }
      ],
      "orientation": "horizontal",
      "size": [
         "32%",
         70
      ],
      "type": "stack_panel"
   },
   "modules12": {
      "controls": [
         {
            "feature5@hud_modules.toggle": {
               "$button_text": "Crosshair 10",
               "$icon_texture": ".ytils/crosshair/9",
               "$radio_toggle_group": false,
               "$tab_view_binding_name": "p9",
               "$toggle_view_binding_name": "p9",
               "$toggle_default_state": "$crosshair10"
            }
         },
         {
            "padding@hud_modules.ytilsp": {
               "size": [
                  "5%",
                  "29.5%"
               ]
            }
         },
         {
            "feature5@hud_modules.toggle": {
               "$button_text": "Crosshair 11",
               "$icon_texture": ".ytils/crosshair/10",
               "$radio_toggle_group": false,
               "$tab_view_binding_name": "p10",
               "$toggle_view_binding_name": "p10",
               "$toggle_default_state": "$crosshair11"
            }
         },
         {
            "padding1@hud_modules.ytilsp": {
               "size": [
                  "5%",
                  "28%"
               ]
            }
         },
         {
            "feature5@hud_modules.toggle": {
               "$button_text": "Crosshair 12",
               "$icon_texture": ".ytils/crosshair/11",
               "$radio_toggle_group": false,
               "$tab_view_binding_name": "p11",
               "$toggle_view_binding_name": "p11",
               "$toggle_default_state": "$crosshair12"
            }
         }
      ],
      "orientation": "horizontal",
      "size": [
         "32%",
         70
      ],
      "type": "stack_panel"
   },
   "modules13": {
      "controls": [
         {
            "feature5@hud_modules.toggle": {
               "$button_text": "Crosshair 13",
               "$icon_texture": ".ytils/crosshair/12",
               "$radio_toggle_group": false,
               "$tab_view_binding_name": "p12",
               "$toggle_view_binding_name": "p12",
               "$toggle_default_state": "$crosshair13"
            }
         },
         {
            "padding@hud_modules.ytilsp": {
               "size": [
                  "5%",
                  "29.5%"
               ]
            }
         },
         {
            "feature5@hud_modules.toggle": {
               "$button_text": "Crosshair 14",
               "$icon_texture": ".ytils/crosshair/13",
               "$radio_toggle_group": false,
               "$tab_view_binding_name": "p13",
               "$toggle_view_binding_name": "p13",
               "$toggle_default_state": "$crosshair14"
            }
         },
         {
            "padding1@hud_modules.ytilsp": {
               "size": [
                  "5%",
                  "28%"
               ]
            }
         },
         {
            "feature5@hud_modules.toggle": {
               "$button_text": "Crosshair 15",
               "$icon_texture": ".ytils/crosshair/14",
               "$radio_toggle_group": false,
               "$tab_view_binding_name": "p14",
               "$toggle_view_binding_name": "p14",
               "$toggle_default_state": "$crosshair15"
            }
         }
      ],
      "orientation": "horizontal",
      "size": [
         "32%",
         70
      ],
      "type": "stack_panel"
   },
   "modules14": {
      "controls": [
         {
            "feature5@hud_modules.toggle": {
               "$button_text": "Crosshair 16",
               "$icon_texture": ".ytils/crosshair/15",
               "$radio_toggle_group": false,
               "$tab_view_binding_name": "p15",
               "$toggle_view_binding_name": "p15",
               "$toggle_default_state": "$crosshair16"
            }
         },
         {
            "padding@hud_modules.ytilsp": {
               "size": [
                  "5%",
                  "29.5%"
               ]
            }
         },
         {
            "feature5@hud_modules.toggle": {
               "$button_text": "Crosshair 17",
               "$icon_texture": ".ytils/crosshair/16",
               "$radio_toggle_group": false,
               "$tab_view_binding_name": "p16",
               "$toggle_view_binding_name": "p16",
               "$toggle_default_state": "$crosshair17"
            }
         },
         {
            "padding1@hud_modules.ytilsp": {
               "size": [
                  "5%",
                  "28%"
               ]
            }
         },
         {
            "feature5@hud_modules.toggle": {
               "$button_text": "Crosshair 18",
               "$icon_texture": ".ytils/crosshair/17",
               "$radio_toggle_group": false,
               "$tab_view_binding_name": "p17",
               "$toggle_view_binding_name": "p17",
               "$toggle_default_state": "$crosshair18"
            }
         }
      ],
      "orientation": "horizontal",
      "size": [
         "32%",
         70
      ],
      "type": "stack_panel"
   },
   "modules15": {
      "controls": [
         {
            "feature5@hud_modules.toggle": {
               "$button_text": "Crosshair 19",
               "$icon_texture": ".ytils/crosshair/18",
               "$radio_toggle_group": false,
               "$tab_view_binding_name": "p18",
               "$toggle_view_binding_name": "p18",
               "$toggle_default_state": "$crosshair19"
            }
         },
         {
            "padding@hud_modules.ytilsp": {
               "size": [
                  "5%",
                  "29.5%"
               ]
            }
         },
         {
            "feature5@hud_modules.toggle": {
               "$button_text": "Crosshair 20",
               "$icon_texture": ".ytils/crosshair/19",
               "$radio_toggle_group": false,
               "$tab_view_binding_name": "p19",
               "$toggle_view_binding_name": "p19",
               "$toggle_default_state": "$crosshair20"
            }
         },
         {
            "padding1@hud_modules.ytilsp": {
               "size": [
                  "5%",
                  "28%"
               ]
            }
         },
         {
            "feature5@hud_modules.toggle": {
               "$button_text": "Crosshair 21",
               "$icon_texture": ".ytils/crosshair/20",
               "$radio_toggle_group": false,
               "$tab_view_binding_name": "p20",
               "$toggle_view_binding_name": "p20",
               "$toggle_default_state": "$crosshair21"
            }
         }
      ],
      "orientation": "horizontal",
      "size": [
         "32%",
         70
      ],
      "type": "stack_panel"
   },
   "modules16": {
      "controls": [
         {
            "feature5@hud_modules.toggle": {
               "$button_text": "Crosshair 22",
               "$icon_texture": ".ytils/crosshair/21",
               "$radio_toggle_group": false,
               "$tab_view_binding_name": "p21",
               "$toggle_view_binding_name": "p21",
               "$toggle_default_state": "$crosshair22"
            }
         },
         {
            "padding@hud_modules.ytilsp": {
               "size": [
                  "5%",
                  "29.5%"
               ]
            }
         },
         {
            "feature5@hud_modules.toggle": {
               "$button_text": "Crosshair 23",
               "$icon_texture": ".ytils/crosshair/22",
               "$radio_toggle_group": false,
               "$tab_view_binding_name": "p22",
               "$toggle_view_binding_name": "p22",
               "$toggle_default_state": "$crosshair23"
            }
         },
         {
            "padding1@hud_modules.ytilsp": {
               "size": [
                  "5%",
                  "28%"
               ]
            }
         },
         {
            "feature5@hud_modules.toggle": {
               "$button_text": "Crosshair 24",
               "$icon_texture": ".ytils/crosshair/23",
               "$radio_toggle_group": false,
               "$tab_view_binding_name": "p23",
               "$toggle_view_binding_name": "p23",
               "$toggle_default_state": "$crosshair24"
            }
         }
      ],
      "orientation": "horizontal",
      "size": [
         "32%",
         70
      ],
      "type": "stack_panel"
   },
   "modules17": {
      "controls": [
         {
            "feature5@hud_modules.toggle": {
               "$button_text": "Crosshair 25",
               "$icon_texture": ".ytils/crosshair/24",
               "$radio_toggle_group": false,
               "$tab_view_binding_name": "p24",
               "$toggle_view_binding_name": "p24",
               "$toggle_default_state": "$crosshair25"
            }
         },
         {
            "padding@hud_modules.ytilsp": {
               "size": [
                  "5%",
                  "29.5%"
               ]
            }
         },
         {
            "feature5@hud_modules.toggle": {
               "$button_text": "Crosshair 26",
               "$icon_texture": ".ytils/crosshair/25",
               "$radio_toggle_group": false,
               "$tab_view_binding_name": "p25",
               "$toggle_view_binding_name": "p25",
               "$toggle_default_state": "$crosshair26"
            }
         },
         {
            "padding1@hud_modules.ytilsp": {
               "size": [
                  "5%",
                  "28%"
               ]
            }
         },
         {
            "feature5@hud_modules.toggle": {
               "$button_text": "Crosshair 27",
               "$icon_texture": ".ytils/crosshair/26",
               "$radio_toggle_group": false,
               "$tab_view_binding_name": "p26",
               "$toggle_view_binding_name": "p26",
               "$toggle_default_state": "$crosshair27"
            }
         }
      ],
      "orientation": "horizontal",
      "size": [
         "32%",
         70
      ],
      "type": "stack_panel"
   },
   "modules18": {
      "controls": [
         {
            "feature5@hud_modules.toggle": {
               "$button_text": "Crosshair 28",
               "$icon_texture": ".ytils/crosshair/27",
               "$radio_toggle_group": false,
               "$tab_view_binding_name": "p27",
               "$toggle_view_binding_name": "p27",
               "$toggle_default_state": "$crosshair28"
            }
         },
         {
            "padding@hud_modules.ytilsp": {
               "size": [
                  "5%",
                  "29.5%"
               ]
            }
         },
         {
            "feature5@hud_modules.toggle": {
               "$button_text": "Crosshair 29",
               "$icon_texture": ".ytils/crosshair/28",
               "$radio_toggle_group": false,
               "$tab_view_binding_name": "p28",
               "$toggle_view_binding_name": "p28",
               "$toggle_default_state": "$crosshair29"
            }
         },
         {
            "padding1@hud_modules.ytilsp": {
               "size": [
                  "5%",
                  "28%"
               ]
            }
         },
         {
            "feature5@hud_modules.toggle": {
               "$button_text": "Crosshair 30",
               "$icon_texture": ".ytils/crosshair/29",
               "$radio_toggle_group": false,
               "$tab_view_binding_name": "p29",
               "$toggle_view_binding_name": "p29",
               "$toggle_default_state": "$crosshair30"
            }
         }
      ],
      "orientation": "horizontal",
      "size": [
         "32%",
         70
      ],
      "type": "stack_panel"
   },
   "modules19": {
      "controls": [
         {
            "feature5@hud_modules.toggle": {
               "$button_text": "F3 menu",
               "$icon_texture": ".ytils/icons/f3",
               "$radio_toggle_group": false,
               "$tab_view_binding_name": "p30",
               "$toggle_view_binding_name": "p30",
               "$toggle_default_state": "$f3"
            }
         },
         {
            "padding@hud_modules.ytilsp": {
               "size": [
                  "5%",
                  "29.5%"
               ]
            }
         },
         {
            "feature5@hud_modules.toggle": {
               "$button_text": "Java chat",
               "$icon_texture": ".ytils/icons/q",
               "$radio_toggle_group": false,
               "$tab_view_binding_name": "p31",
               "$toggle_view_binding_name": "p31",
               "$toggle_default_state": "$javachat"
            }
         },
         {
            "padding1@hud_modules.ytilsp": {
               "size": [
                  "5%",
                  "28%"
               ]
            }
         },
         {
            "feature5@hud_modules.toggle": {
               "$button_text": "Better vignette",
               "$icon_texture": ".ytils/icons/d",
               "$radio_toggle_group": false,
               "$tab_view_binding_name": "p32",
               "$toggle_view_binding_name": "p32",
               "$toggle_default_state": "$bettervig"
            }
         }
      ],
      "orientation": "horizontal",
      "size": [
         "32%",
         70
      ],
      "type": "stack_panel"
   },
   "modules2": {
      "controls": [
         {
            "feature7@hud_modules.toggle": {
               "$button_text": "fakehacks(packet)",
               "$icon_texture": ".ytils/icons/packet_icon",
               "$radio_toggle_group": false,
               "$tab_view_binding_name": "packet",
               "$toggle_view_binding_name": "packet",
               "$toggle_default_state": "$packethacks"
            }
         },
         {
            "padding@hud_modules.ytilsp": {
               "size": [
                  "5%",
                  "29.5%"
               ]
            }
         },
         {
            "feature5@hud_modules.toggle": {
               "$button_text": "Fakehacks(vector)",
               "$icon_texture": ".ytils/icons/vector_icon",
               "$radio_toggle_group": false,
               "$tab_view_binding_name": "vector",
               "$toggle_view_binding_name": "vector",
               "$toggle_default_state": "$vectorhacks"
            }
         },
         {
            "padding1@hud_modules.ytilsp": {
               "size": [
                  "5%",
                  "28%"
               ]
            }
         },
         {
            "feature6@hud_modules.toggle": {
               "$button_text": "Fakehacks(meteor)",
               "$icon_texture": ".ytils/icons/meteor_icon",
               "$radio_toggle_group": false,
               "$tab_view_binding_name": "meteor",
               "$toggle_view_binding_name": "meteor",
               "$toggle_default_state": "$meteorhacks"
            }
         }
      ],
      "orientation": "horizontal",
      "size": [
         "32%",
         70
      ],
      "type": "stack_panel"
   },
   "modules3": {
      "controls": [
         {
            "feature@hud_modules.toggle": {
               "$button_text": "hotbar switcher",
               "$icon_texture": ".ytils/icons/hotbar_hidari",
               "$radio_toggle_group": false,
               "$tab_view_binding_name": "hud_hotbar_selector",
               "$toggle_view_binding_name": "hud_hotbar_selector",
               "$toggle_default_state": "$hotbarswitcher"
            }
         },
         {
            "padding@hud_modules.ytilsp": {
               "size": [
                  "5%",
                  "29.5%"
               ]
            }
         },
         {
            "feature6@hud_modules.toggle": {
               "$button_text": "inventory hud",
               "$icon_texture": ".ytils/icons/chest",
               "$radio_toggle_group": false,
               "$tab_view_binding_name": "hud_inv",
               "$toggle_view_binding_name": "hud_inv",
               "$toggle_default_state": "$inventoryhud"
            }
         },
         {
            "padding1@hud_modules.ytilsp": {
               "size": [
                  "5%",
                  "28%"
               ]
            }
         },
         {
            "feature7@hud_modules.toggle": {
               "$button_text": "gamma(10%)",
               "$icon_texture": "textures/ui/icon_summer",
               "$radio_toggle_group": false,
               "$tab_view_binding_name": "10",
               "$toggle_view_binding_name": "10",
               "$toggle_default_state": "$gamma10"
            }
         }
      ],
      "orientation": "horizontal",
      "size": [
         "32%",
         70
      ],
      "type": "stack_panel"
   },
   "modules4": {
      "controls": [
         {
            "feature5@hud_modules.toggle": {
               "$button_text": "gamma(20%)",
               "$icon_texture": "textures/ui/icon_summer",
               "$radio_toggle_group": false,
               "$tab_view_binding_name": "20",
               "$toggle_view_binding_name": "20",
               "$toggle_default_state": "$gamma20"
            }
         },
         {
            "padding@hud_modules.ytilsp": {
               "size": [
                  "5%",
                  "29.5%"
               ]
            }
         },
         {
            "feature6@hud_modules.toggle": {
               "$button_text": "Gamma(30%)",
               "$icon_texture": "textures/ui/icon_summer",
               "$radio_toggle_group": false,
               "$tab_view_binding_name": "30",
               "$toggle_view_binding_name": "30",
               "$toggle_default_state": "$gamma30"
            }
         },
         {
            "padding1@hud_modules.ytilsp": {
               "size": [
                  "5%",
                  "28%"
               ]
            }
         },
         {
            "feature7@hud_modules.toggle": {
               "$button_text": "Gamma(40%)",
               "$icon_texture": "textures/ui/icon_summer",
               "$radio_toggle_group": false,
               "$tab_view_binding_name": "40",
               "$toggle_view_binding_name": "40",
               "$toggle_default_state": "$gamma40"
            }
         }
      ],
      "orientation": "horizontal",
      "size": [
         "32%",
         70
      ],
      "type": "stack_panel"
   },
   "modules5": {
      "controls": [
         {
            "feature5@hud_modules.toggle": {
               "$button_text": "Gamma(50%)",
               "$icon_texture": "textures/ui/icon_summer",
               "$radio_toggle_group": false,
               "$tab_view_binding_name": "50",
               "$toggle_view_binding_name": "50",
               "$toggle_default_state": "$gamma50"
            }
         },
         {
            "padding@hud_modules.ytilsp": {
               "size": [
                  "5%",
                  "29.5%"
               ]
            }
         },
         {
            "feature6@hud_modules.toggle": {
               "$button_text": "Gamma(60%)",
               "$icon_texture": "textures/ui/icon_summer",
               "$radio_toggle_group": false,
               "$tab_view_binding_name": "60",
               "$toggle_view_binding_name": "60",
               "$toggle_default_state": "$gamma60"
            }
         },
         {
            "padding1@hud_modules.ytilsp": {
               "size": [
                  "5%",
                  "28%"
               ]
            }
         },
         {
            "feature7@hud_modules.toggle": {
               "$button_text": "Gamma(70%)",
               "$icon_texture": "textures/ui/icon_summer",
               "$radio_toggle_group": false,
               "$tab_view_binding_name": "70",
               "$toggle_view_binding_name": "70",
               "$toggle_default_state": "$gamma70"
            }
         }
      ],
      "orientation": "horizontal",
      "size": [
         "32%",
         70
      ],
      "type": "stack_panel"
   },
   "modules6": {
      "controls": [
         {
            "feature5@hud_modules.toggle": {
               "$button_text": "Gamma(80%)",
               "$icon_texture": "textures/ui/icon_summer",
               "$radio_toggle_group": false,
               "$tab_view_binding_name": "80",
               "$toggle_view_binding_name": "80",
               "$toggle_default_state": "$gamma80"
            }
         },
         {
            "padding@hud_modules.ytilsp": {
               "size": [
                  "5%",
                  "29.5%"
               ]
            }
         },
         {
            "feature6@hud_modules.toggle": {
               "$button_text": "Gamma(90%)",
               "$icon_texture": "textures/ui/icon_summer",
               "$radio_toggle_group": false,
               "$tab_view_binding_name": "90",
               "$toggle_view_binding_name": "90",
               "$toggle_default_state": "$gamma90"
            }
         },
         {
            "padding1@hud_modules.ytilsp": {
               "size": [
                  "5%",
                  "28%"
               ]
            }
         },
         {
            "feature7@hud_modules.toggle": {
               "$button_text": "Gamma(100%)",
               "$icon_texture": "textures/ui/icon_summer",
               "$radio_toggle_group": false,
               "$tab_view_binding_name": "100",
               "$toggle_view_binding_name": "100",
               "$toggle_default_state": "$gamma100"
            }
         }
      ],
      "orientation": "horizontal",
      "size": [
         "32%",
         70
      ],
      "type": "stack_panel"
   },
   "modules7": {
      "controls": [
         {
            "feature5@hud_modules.toggle": {
               "$button_text": "Waifu Display",
               "$icon_texture": ".ytils/icons/waifu",
               "$radio_toggle_group": false,
               "$tab_view_binding_name": "waifu",
               "$toggle_view_binding_name": "waifu",
               "$toggle_default_state": "$waifu"
            }
         },
         {
            "padding@hud_modules.ytilsp": {
               "size": [
                  "5%",
                  "29.5%"
               ]
            }
         },
         {
            "feature5@hud_modules.toggle": {
               "$button_text": "Armor hud",
               "$icon_texture": "textures/items/diamond_chestplate",
               "$radio_toggle_group": false,
               "$tab_view_binding_name": "hud_armor",
               "$toggle_view_binding_name": "hud_armor",
               "$toggle_default_state": "$armorhud"
            }
         },
         {
            "padding1@hud_modules.ytilsp": {
               "size": [
                  "5%",
                  "28%"
               ]
            }
         },
         {
            "feature5@hud_modules.toggle": {
               "$button_text": "Offhand hud",
               "$icon_texture": "textures/shield",
               "$radio_toggle_group": false,
               "$tab_view_binding_name": "offhud",
               "$toggle_view_binding_name": "offhud",
               "$toggle_default_state": "$offhandhud"
            }
         }
      ],
      "orientation": "horizontal",
      "size": [
         "32%",
         70
      ],
      "type": "stack_panel"
   },
   "modules8": {
      "controls": [
         {
            "feature5@hud_modules.toggle": {
               "$button_text": "Playerlist toggle",
               "$icon_texture": "textures/items/leather_helmet1",
               "$radio_toggle_group": false,
               "$tab_view_binding_name": "playerlist",
               "$toggle_view_binding_name": "playerlist",
               "$toggle_default_state": "$playerlisttoggle"
            }
         },
         {
            "padding@hud_modules.ytilsp": {
               "size": [
                  "5%",
                  "29.5%"
               ]
            }
         },
         {
            "feature5@hud_modules.toggle": {
               "$button_text": "F1 Button",
               "$icon_texture": ".ytils/icons/f1",
               "$radio_toggle_group": false,
               "$tab_view_binding_name": "f1",
               "$toggle_view_binding_name": "f1"
            }
         },
         {
            "padding1@hud_modules.ytilsp": {
               "size": [
                  "5%",
                  "28%"
               ]
            }
         },
         {
            "feature5@hud_modules.toggle": {
               "$button_text": "F8 Button",
               "$icon_texture": ".ytils/icons/f8",
               "$radio_toggle_group": false,
               "$tab_view_binding_name": "f8",
               "$toggle_view_binding_name": "f8"
            }
         }
      ],
      "orientation": "horizontal",
      "size": [
         "32%",
         70
      ],
      "type": "stack_panel"
   },
   "modules9": {
      "controls": [
         {
            "feature5@hud_modules.toggle": {
               "$button_text": "Crosshair 1",
               "$icon_texture": ".ytils/crosshair/default_crosshair",
               "$radio_toggle_group": false,
               "$tab_view_binding_name": "default_crosshair",
               "$toggle_view_binding_name": "default_crosshair",
               "$toggle_default_state": "$crosshair1"
            }
         },
         {
            "padding@hud_modules.ytilsp": {
               "size": [
                  "5%",
                  "29.5%"
               ]
            }
         },
         {
            "feature5@hud_modules.toggle": {
               "$button_text": "Crosshair 2",
               "$icon_texture": ".ytils/crosshair/1",
               "$radio_toggle_group": false,
               "$tab_view_binding_name": "p1",
               "$toggle_view_binding_name": "p1",
               "$toggle_default_state": "$crosshair2"
            }
         },
         {
            "padding1@hud_modules.ytilsp": {
               "size": [
                  "5%",
                  "28%"
               ]
            }
         },
         {
            "feature5@hud_modules.toggle": {
               "$button_text": "Crosshair 3",
               "$icon_texture": ".ytils/crosshair/2",
               "$radio_toggle_group": false,
               "$tab_view_binding_name": "p2",
               "$toggle_view_binding_name": "p2",
               "$toggle_default_state": "$crosshair3"
            }
         }
      ],
      "orientation": "horizontal",
      "size": [
         "32%",
         70
      ],
      "type": "stack_panel"
   },
   "modulesfooter": {
      "controls": [
         {
            "label_modules": {
               "color": [
                  1,
                  1,
                  1
               ],
               "font_size": "large",
               "font_type": "MinecraftTen",
               "text": "MODULES",
               "text_alignment": "center",
               "type": "label",
               "font_scale_factor": 0.9
            }
         }
      ],
      "layer": "99999",
      "size": [
         "100%",
         "13%"
      ],
      "texture": ".ytils/bg/background_header",
      "type": "image"
   },
   "namespace": "hud_modules",
   "open_toggles": {
      "anchor_from": "top_left",
      "anchor_to": "top_left",
      "controls": [
         {
            "module@hud_modules.toggle_double": {
               "$button_text": "",
               "$default_selector_toggle_index": 1,
               "$radio_toggle_group": false,
               "$tab_view_binding_name": "ytils_hide_menu",
               "$toggle_group_forced_index": 2,
               "$toggle_name": "show_panel_button",
               "$unchecked_control": "",
               "$unchecked_hover_control": "",
               "bindings": [
                  {
                     "binding_type": "view",
                     "source_control_name": "ytils_hide_menu2",
                     "source_property_name": "(not #toggle_state)",
                     "target_property_name": "#visible"
                  }
               ],
               "size": [
                  96,
                  24
               ]
            }
         },
         {
            "buffer": {
               "bindings": [
                  {
                     "binding_type": "view",
                     "source_control_name": "ytils_hide_menu2",
                     "source_property_name": "#toggle_state",
                     "target_property_name": "#visible"
                  }
               ],
               "size": [
                  102,
                  24
               ],
               "type": "panel"
            }
         },
         {
            "edit_menu@hud_modules.toggle_double": {
               "$button_text": "",
               "$default_selector_toggle_index": 1,
               "$radio_toggle_group": false,
               "$tab_view_binding_name": "ytils_hide_menu2",
               "$toggle_group_default_selected": "$default_selector_toggle_index",
               "$toggle_group_forced_index": 3,
               "$toggle_name": "show_panel_button",
               "$unchecked_control": "",
               "$unchecked_hover_control": "",
               "bindings": [
                  {
                     "binding_type": "view",
                     "source_control_name": "ytils_hide_menu",
                     "source_property_name": "(not #toggle_state)",
                     "target_property_name": "#visible"
                  }
               ],
               "size": [
                  96,
                  24
               ]
            }
         }
      ],
      "offset": [
         5,
         5
      ],
      "orientation": "horizontal",
      "size": [
         "100%c",
         24
      ],
      "type": "stack_panel"
   },
   "scroll_handle_image": {
      "layer": 1,
      "texture": ".ytils/ui/scroll_handle",
      "type": "image"
   },
   "tabs_panel": {
      "controls": [
         {
            "firsttabs_panel": {
               "controls": [
                  {
                     "logo@hud_modules.logo": {}
                  },
                  {
                     "modulestoggle@main_toggle_content": {
                        "$button_text": "§fModules",
                        "$default_selector_toggle_index": 1,
                        "$toggle_group_forced_index": 1,
                        "$toggle_view_binding_name": "modules_panel"
                     }
                  },
                  {
                     "layouttoggle@main_toggle_content": {
                        "$button_text": "§fLayout",
                        "$default_selector_toggle_index": 2,
                        "$toggle_group_forced_index": 2,
                        "$toggle_view_binding_name": "layout_panel"
                     }
                  },
                  {
                     "infotoggle@main_toggle_content": {
                        "$button_text": "§fInfo",
                        "$default_selector_toggle_index": 3,
                        "$toggle_group_forced_index": 3,
                        "$toggle_view_binding_name": "info_panel"
                     }
                  }
               ],
               "layer": 1000,
               "orientation": "horizontal",
               "size": [
                  "23%",
                  "100%"
               ],
               "type": "stack_panel"
            }
         }
      ],
      "layer": 1000,
      "orientation": "horizontal",
      "size": [
         "100%",
         "100%"
      ],
      "type": "stack_panel"
   },
   "text_tmp": {
      "color": [
         1,
         1,
         1
      ],
      "font_type": "font_type",
      "text": "text",
      "type": "label"
   },
   "toggle@hud_modules.toggle_panel": {
      "$checked_control": "hud_modules.toggle_default_checked_control",
      "$checked_hover_control": "hud_modules.toggle_default_checked_control",
      "$unchecked_control": "hud_modules.toggle_default_unchecked_control",
      "$unchecked_hover_control": "hud_modules.toggle_default_unchecked_hover_control"
   },
   "toggle_checked_control@base_toggle": {
      "$texture": ".ytils/buttons/title_green_button/normal_pressed",
      "$text_color": [
         0,
         0,
         0
      ]
   },
   "toggle_default_checked_control@base_toggle_icon": {
      "$texture": ".ytils/buttons/modules_button/pressed",
      "$text_color": [
         0,
         0,
         0
      ]
   },
   "toggle_default_checked_hover_control@base_toggle_icon": {
      "$texture": ".ytils/buttons/white_button/normal",
      "$text_color": [
         1,
         1,
         1
      ]
   },
   "toggle_default_unchecked_control@base_toggle_icon": {
      "$texture": ".ytils/buttons/white_button/normal",
      "$text_color": [
         1,
         1,
         1
      ]
   },
   "toggle_default_unchecked_hover_control@base_toggle_icon": {
      "$texture": ".ytils/buttons/white_button/pressed",
      "$text_color": [
         0,
         0,
         0
      ]
   },
   "toggle_double@hud_modules.toggle_panel_double": {
      "$checked_control": "hud_modules.toggle_checked_control",
      "$checked_hover_control": "hud_modules.toggle_checked_control",
      "$unchecked_control": "hud_modules.toggle_unchecked_control",
      "$unchecked_hover_control": "hud_modules.toggle_unchecked_hover_control"
   },
   "toggle_panel": {
      "$binding_condition": "t",
      "$binding_type": "global",
      "$checked_control": "common.empty_panel",
      "$checked_hover_control": "common.empty_panel",
      "$checked_locked_control": "common.empty_panel",
      "$checked_locked_hover_control": "common.empty_panel",
      "$custom_from_button_id|default": "",
      "$custom_mapping_type|default": "global",
      "$custom_scope|default": "",
      "$custom_to_button_id|default": "",
      "$has_double_click_function|default": true,
      "$is_back_button|default": false,
      "$is_custom_button|default": true,
      "$radio_toggle_group": true,
      "$sound_name|default": "random.click",
      "$sound_pitch|default": 1,
      "$sound_volume|default": 1,
      "$tab_size|default": [
         "100%",
         "100%"
      ],
      "$toggle_focus_enabled": true,
      "$unchecked_control": "common.empty_panel",
      "$unchecked_hover_control": "common.empty_panel",
      "$unchecked_locked_control": "common.empty_panel",
      "$unchecked_locked_hover_control": "common.empty_panel",
      "controls": [
         {
            "$tab_view_binding_name@common.toggle": {
               "button_mappings": [
                  {
                     "from_button_id": "button.menu_select",
                     "mapping_type": "pressed",
                     "to_button_id": "button.menu_select"
                  },
                  {
                     "from_button_id": "button.menu_ok",
                     "mapping_type": "focused",
                     "to_button_id": "button.menu_ok"
                  },
                  {
                     "from_button_id": "button.menu_cancel",
                     "ignored": "(not $is_back_button)",
                     "mapping_type": "global",
                     "to_button_id": "button.menu_select"
                  },
                  {
                     "from_button_id": "$custom_from_button_id",
                     "ignored": "(not $is_custom_button)",
                     "mapping_type": "$custom_mapping_type",
                     "scope": "$custom_scope",
                     "to_button_id": "$custom_to_button_id"
                  }
               ],
               "size": "$tab_size",
               "sound_name": "random.click",
               "sound_pitch": "$sound_pitch",
               "sound_volume": "$sound_volume"
            }
         }
      ],
      "size": [
         "100%",
         "100%"
      ],
      "type": "panel"
   },
   "toggle_panel_double": {
      "$binding_condition": "t",
      "$binding_type": "global",
      "$checked_control": "common.empty_panel",
      "$checked_hover_control": "common.empty_panel",
      "$checked_locked_control": "common.empty_panel",
      "$checked_locked_hover_control": "common.empty_panel",
      "$custom_from_button_id|default": "",
      "$custom_mapping_type|default": "global",
      "$custom_scope|default": "",
      "$custom_to_button_id|default": "",
      "$has_double_click_function|default": true,
      "$is_back_button|default": false,
      "$is_custom_button|default": true,
      "$radio_toggle_group": true,
      "$sound_name|default": "random.click",
      "$sound_pitch|default": 1,
      "$sound_volume|default": 1,
      "$tab_size|default": [
         "100%",
         "100%"
      ],
      "$toggle_focus_enabled": true,
      "$unchecked_control": "common.empty_panel",
      "$unchecked_hover_control": "common.empty_panel",
      "$unchecked_locked_control": "common.empty_panel",
      "$unchecked_locked_hover_control": "common.empty_panel",
      "controls": [
         {
            "$tab_view_binding_name@common.toggle": {
               "button_mappings": [
                  {
                     "from_button_id": "button.menu_select",
                     "mapping_type": "double_pressed",
                     "to_button_id": "button.menu_select"
                  },
                  {
                     "from_button_id": "button.menu_ok",
                     "mapping_type": "focused",
                     "to_button_id": "button.menu_ok"
                  },
                  {
                     "from_button_id": "button.menu_cancel",
                     "ignored": "(not $is_back_button)",
                     "mapping_type": "global",
                     "to_button_id": "button.menu_select"
                  },
                  {
                     "from_button_id": "$custom_from_button_id",
                     "ignored": "(not $is_custom_button)",
                     "mapping_type": "$custom_mapping_type",
                     "scope": "$custom_scope",
                     "to_button_id": "$custom_to_button_id"
                  }
               ],
               "size": "$tab_size",
               "sound_name": "$sound_name",
               "sound_pitch": "$sound_pitch",
               "sound_volume": "$sound_volume"
            }
         }
      ],
      "size": [
         "100%",
         "100%"
      ],
      "type": "panel"
   },
   "toggle_unchecked_control@base_toggle": {
      "$texture": ".ytils/buttons/title_green_button/normal",
      "$text_color": [
         1,
         1,
         1
      ]
   },
   "toggle_unchecked_hover_control@base_toggle": {
      "$texture": ".ytils/buttons/title_green_button/pressed",
      "$text_color": [
         0,
         0,
         0
      ]
   },
   "ytilsimg": {
      "texture": ".ytils/bg/clear",
      "type": "image"
   },
   "ytilsp": {
      "type": "panel"
   },
   "ytilssp": {
      "type": "stack_panel"
   }
}