{
   "hud_content": {
      "modifications": [
         {
            "array_name": "controls",
            "operation": "insert_front",
            "value": [
               {
                  "open_toggles@hud_modules.open_toggles": {
                     "size": [
                        "100%",
                        "100%"
                     ]
                  }
               },
               {
                  "crosses@cross.presetcrosshair": {
                     "size": [
                        "100%",
                        "100%"
                     ]
                  }
               },
               {
                  "hud_modules_panel@hud_modules.hud_modules_panel": {
                     "size": [
                        "100%",
                        "100%"
                     ],
                     "layer": 999999,
                     "anims": [
                        "@hud.anim_mod_menu"
                     ],
                     "animation_reset_name": "button.hud_menu"
                  }
               },
               {
                  "cc@list.content": {}
               },
               {
                  "inv1@hud.inventory_overlay": {
                     "bindings": [
                        {
                           "binding_type": "view",
                           "source_control_name": "hud_inv",
                           "source_property_name": "#toggle_state",
                           "target_property_name": "#visible"
                        }
                     ]
                  }
               },
               {
                  "inv@hud.armorhud": {
                     "bindings": [
                        {
                           "binding_type": "view",
                           "source_control_name": "hud_armor",
                           "source_property_name": "#toggle_state",
                           "target_property_name": "#visible"
                        }
                     ]
                  }
               },
               {
                  "vig@hud.bettervig": {
                     "bindings": [
                        {
                           "binding_type": "view",
                           "source_control_name": "p32",
                           "source_property_name": "#toggle_state",
                           "target_property_name": "#visible"
                        }
                     ]
                  }
               },
               {
                  "b1@hud.brightness10": {
                     "bindings": [
                        {
                           "binding_type": "view",
                           "source_control_name": "10",
                           "source_property_name": "#toggle_state",
                           "target_property_name": "#visible"
                        }
                     ]
                  }
               },
               {
                  "b2@hud.brightness20": {
                     "bindings": [
                        {
                           "binding_type": "view",
                           "source_control_name": "20",
                           "source_property_name": "#toggle_state",
                           "target_property_name": "#visible"
                        }
                     ]
                  }
               },
               {
                  "b3@hud.brightness30": {
                     "bindings": [
                        {
                           "binding_type": "view",
                           "source_control_name": "30",
                           "source_property_name": "#toggle_state",
                           "target_property_name": "#visible"
                        }
                     ]
                  }
               },
               {
                  "b4@hud.brightness40": {
                     "bindings": [
                        {
                           "binding_type": "view",
                           "source_control_name": "40",
                           "source_property_name": "#toggle_state",
                           "target_property_name": "#visible"
                        }
                     ]
                  }
               },
               {
                  "b5@hud.brightness50": {
                     "bindings": [
                        {
                           "binding_type": "view",
                           "source_control_name": "50",
                           "source_property_name": "#toggle_state",
                           "target_property_name": "#visible"
                        }
                     ]
                  }
               },
               {
                  "b6@hud.brightness60": {
                     "bindings": [
                        {
                           "binding_type": "view",
                           "source_control_name": "60",
                           "source_property_name": "#toggle_state",
                           "target_property_name": "#visible"
                        }
                     ]
                  }
               },
               {
                  "b7@hud.brightness70": {
                     "bindings": [
                        {
                           "binding_type": "view",
                           "source_control_name": "70",
                           "source_property_name": "#toggle_state",
                           "target_property_name": "#visible"
                        }
                     ]
                  }
               },
               {
                  "b8@hud.brightness80": {
                     "bindings": [
                        {
                           "binding_type": "view",
                           "source_control_name": "80",
                           "source_property_name": "#toggle_state",
                           "target_property_name": "#visible"
                        }
                     ]
                  }
               },
               {
                  "b9@hud.brightness90": {
                     "bindings": [
                        {
                           "binding_type": "view",
                           "source_control_name": "90",
                           "source_property_name": "#toggle_state",
                           "target_property_name": "#visible"
                        }
                     ]
                  }
               },
               {
                  "b10@hud.brightness100": {
                     "bindings": [
                        {
                           "binding_type": "view",
                           "source_control_name": "100",
                           "source_property_name": "#toggle_state",
                           "target_property_name": "#visible"
                        }
                     ]
                  }
               },
               {
                  "tip@hud.hud_tip_text": {
                     "bindings": [
                        {
                           "binding_type": "view",
                           "source_control_name": "p31",
                           "source_property_name": "#toggle_state",
                           "target_property_name": "(not #visible)"
                        }
                     ]
                  }
               },
               {
                  "hb@hud.hotbar_settings": {
                     "bindings": [
                        {
                           "binding_type": "view",
                           "source_control_name": "hud_hotbar_selector",
                           "source_property_name": "#toggle_state",
                           "target_property_name": "#visible"
                        }
                     ]
                  }
               },
               {
                  "hide_hud_button@common_buttons.light_text_button": {
                     "$button_text": "F1",
                     "$pressed_button_name": "button.hide_gui_all",
                     "ignored": "($win10_edition or $console_edition)",
                     "$border_visible": true,
                     "size": [
                        19,
                        19
                     ],
                     "anchor_from": "top_middle",
                     "anchor_to": "top_middle",
                     "offset": [
                        38,
                        0
                     ],
                     "prevent_touch_input": true,
                     "bindings": [
                        {
                           "binding_type": "view",
                           "source_control_name": "f1",
                           "source_property_name": "#toggle_state",
                           "target_property_name": "#visible"
                        }
                     ]
                  }
               },
               {
                  "hide_paperdoll_button@common_buttons.light_text_button": {
                     "$button_text": "F8",
                     "$pressed_button_name": "button.hide_paperdoll_hud",
                     "ignored": "($win10_edition or $console_edition)",
                     "$border_visible": true,
                     "size": [
                        19,
                        19
                     ],
                     "anchor_from": "top_middle",
                     "anchor_to": "top_middle",
                     "offset": [
                        57,
                        0
                     ],
                     "prevent_touch_input": true,
                     "bindings": [
                        {
                           "binding_type": "view",
                           "source_control_name": "f8",
                           "source_property_name": "#toggle_state",
                           "target_property_name": "#visible"
                        }
                     ]
                  }
               },
               {
                  "player_renderer": {
                     "renderer": "live_player_renderer",
                     "size": [
                        20,
                        20
                     ],
                     "anchor_from": "bottom_middle",
                     "anchor_to": "bottom_middle",
                     "layer": 1,
                     "type": "custom",
                     "offset": [
                        -130,
                        -1075.5
                     ],
                     "bindings": [
                        {
                           "binding_type": "view",
                           "source_control_name": "offhud",
                           "source_property_name": "#toggle_state",
                           "target_property_name": "#visible"
                        }
                     ]
                  }
               },
               {
                  "jchat_panel@hud.chat_paneljava": {
                     "layer": 1336,
                     "clips_children": true,
                     "anchor_from": "bottom_left",
                     "anchor_to": "bottom_left",
                     "visible": true,
                     "size": [
                        "40%",
                        "40%"
                     ],
                     "offset": [
                        0,
                        -40
                     ],
                     "bindings": [
                        {
                           "binding_type": "view",
                           "source_control_name": "p31",
                           "source_property_name": "#toggle_state",
                           "target_property_name": "#visible"
                        }
                     ]
                  }
               },
               {
                  "chat_stack": {
                     "type": "stack_panel",
                     "orientation": "vertical",
                     "size": [
                        "40%",
                        "100%"
                     ],
                     "anchor_from": "top_left",
                     "anchor_to": "top_left",
                     "controls": [
                        {
                           "player_position@hud.player_position": {
                              "ignored": true
                           }
                        },
                        {
                           "number_of_days_played@hud.number_of_days_played": {
                              "ignored": true
                           }
                        },
                        {
                           "game_tip@game_tip.game_tip_chat_stack_factory": {
                              "size": [
                                 "100%",
                                 "100%c"
                              ]
                           }
                        },
                        {
                           "chat_panel@hud.chat_panel": {
                              "bindings": [
                                 {
                                    "binding_type": "view",
                                    "source_control_name": "p31",
                                    "source_property_name": "(not #toggle_state)",
                                    "target_property_name": "#visible"
                                 }
                              ]
                           }
                        }
                     ]
                  }
               }
            ]
         }
      ]
   },
   "hud_screen@common.base_screen": {
      "$use_loading_bars": false,
      "always_accepts_input": true,
      "button_mappings": [
         {
            "from_button_id": "button.scoreboard",
            "mapping_type": "global",
            "to_button_id": "button.scoreboard"
         },
         {
            "from_button_id": "button.inventory_left",
            "mapping_type": "global",
            "to_button_id": "button.hotbar_inventory_left"
         },
         {
            "from_button_id": "button.inventory_right",
            "mapping_type": "global",
            "to_button_id": "button.hotbar_inventory_right"
         },
         {
            "from_button_id": "button.hide_gui",
            "mapping_type": "global",
            "to_button_id": "button.hide_gui_all"
         },
         {
            "from_button_id": "button.hide_tooltips",
            "mapping_type": "global",
            "to_button_id": "button.hide_tooltips_hud"
         },
         {
            "from_button_id": "button.drop_one",
            "mapping_type": "global",
            "to_button_id": "button.drop_one"
         },
         {
            "from_button_id": "button.slot1",
            "mapping_type": "global",
            "to_button_id": "button.slot_1"
         },
         {
            "from_button_id": "button.slot2",
            "mapping_type": "global",
            "to_button_id": "button.slot_2"
         },
         {
            "from_button_id": "button.slot3",
            "mapping_type": "global",
            "to_button_id": "button.slot_3"
         },
         {
            "from_button_id": "button.slot4",
            "mapping_type": "global",
            "to_button_id": "button.slot_4"
         },
         {
            "from_button_id": "button.slot5",
            "mapping_type": "global",
            "to_button_id": "button.slot_5"
         },
         {
            "from_button_id": "button.slot6",
            "mapping_type": "global",
            "to_button_id": "button.slot_6"
         },
         {
            "from_button_id": "button.slot7",
            "mapping_type": "global",
            "to_button_id": "button.slot_7"
         },
         {
            "from_button_id": "button.slot8",
            "mapping_type": "global",
            "to_button_id": "button.slot_8"
         },
         {
            "from_button_id": "button.slot9",
            "mapping_type": "global",
            "to_button_id": "button.slot_9"
         },
         {
            "from_button_id": "button.slot0",
            "mapping_type": "global",
            "to_button_id": "button.slot_0"
         }
      ],
      "low_frequency_rendering": true
   },
   "hotbar_panel": {
      "modifications": [
         {
            "control_name": "hotbar_grid",
            "operation": "insert_after",
            "value": []
         }
      ]
   },
   "inv_ovl_items@common.empty_panel": {
      "$durability_bar_required": true,
      "$item_collection_name": "hotbar_items",
      "$stack_count_required": true,
      "size": [
         18,
         18
      ],
      "controls": [
         {
            "stack_count_label@common.stack_count_label": {
               "layer": 3
            }
         },
         {
            "items_renderer@common.item_renderer": {
               "layer": 2,
               "size": [
                  "100% - 2px",
                  "100% - 2px"
               ]
            }
         },
         {
            "durability@common.durability_bar": {
               "layer": 3
            }
         },
         {
            "textures@common.empty_image": {
               "alpha": 0.4,
               "texture": "textures/ui/Black",
               "size": [
                  "100% -1px",
                  "100% -1px"
               ]
            }
         }
      ]
   },
   "inventory_overlay@common.empty_panel": {
      "anchor_from": "top_right",
      "anchor_to": "top_right",
      "clips_children": true,
      "layer": 1,
      "size": [
         162,
         54
      ],
      "offset": [
         -1,
         21
      ],
      "controls": [
         {
            "grid": {
               "type": "grid",
               "collection_name": "hotbar_items",
               "grid_item_template": "hud.inv_ovl_items",
               "grid_dimensions": [
                  9,
                  4
               ],
               "offset": [
                  0,
                  -10
               ],
               "size": [
                  "162px",
                  "54px + 16px"
               ]
            }
         }
      ]
   },
   "brightness10": {
      "type": "image",
      "size": [
         9000,
         9000
      ],
      "texture": ".ytils/modules/overlay/bright",
      "anchor_from": "center",
      "anchor_to": "center",
      "alpha": 0.1,
      "layer": "1"
   },
   "bettervig": {
      "type": "image",
      "size": [
         "100%",
         "100%"
      ],
      "texture": ".ytils/modules/overlay/vig",
      "anchor_from": "center",
      "anchor_to": "center",
      "alpha": 1,
      "layer": "1",
      "fill": true
   },
   "brightness20": {
      "type": "image",
      "size": [
         9000,
         9000
      ],
      "texture": ".ytils/modules/overlay/bright",
      "anchor_from": "center",
      "anchor_to": "center",
      "alpha": 0.2,
      "layer": "1"
   },
   "brightness30": {
      "type": "image",
      "size": [
         9000,
         9000
      ],
      "texture": ".ytils/modules/overlay/bright",
      "anchor_from": "center",
      "anchor_to": "center",
      "alpha": 0.3,
      "layer": "1"
   },
   "brightness40": {
      "type": "image",
      "size": [
         9000,
         9000
      ],
      "texture": ".ytils/modules/overlay/bright",
      "anchor_from": "center",
      "anchor_to": "center",
      "alpha": 0.4,
      "layer": "1"
   },
   "brightness50": {
      "type": "image",
      "size": [
         9000,
         9000
      ],
      "texture": ".ytils/modules/overlay/bright",
      "anchor_from": "center",
      "anchor_to": "center",
      "alpha": 0.5,
      "layer": "1"
   },
   "brightness60": {
      "type": "image",
      "size": [
         9000,
         9000
      ],
      "texture": ".ytils/modules/overlay/bright",
      "anchor_from": "center",
      "anchor_to": "center",
      "alpha": 0.6,
      "layer": "1"
   },
   "brightness70": {
      "type": "image",
      "size": [
         9000,
         9000
      ],
      "texture": ".ytils/modules/overlay/bright",
      "anchor_from": "center",
      "anchor_to": "center",
      "alpha": 0.7,
      "layer": "1"
   },
   "brightness80": {
      "type": "image",
      "size": [
         9000,
         9000
      ],
      "texture": ".ytils/modules/overlay/bright",
      "anchor_from": "center",
      "anchor_to": "center",
      "alpha": 0.8,
      "layer": "1"
   },
   "brightness90": {
      "type": "image",
      "size": [
         9000,
         9000
      ],
      "texture": ".ytils/modules/overlay/bright",
      "anchor_from": "center",
      "anchor_to": "center",
      "alpha": 0.9,
      "layer": "1"
   },
   "brightness100": {
      "type": "image",
      "size": [
         9000,
         9000
      ],
      "texture": ".ytils/modules/overlay/bright",
      "anchor_from": "center",
      "anchor_to": "center",
      "alpha": 1,
      "layer": "1"
   },
   "anim_mod_menu": {
      "anim_type": "offset",
      "duration": 0.4,
      "easing": "out_cubic",
      "from": [
         0,
         "70%"
      ],
      "to": [
         0,
         0
      ]
   },
   "armorhud": {
      "anchor_from": "bottom_right",
      "anchor_to": "bottom_right",
      "layer": 10,
      "renderer": "live_player_renderer",
      "size": [
         14,
         14
      ],
      "offset": [
         0,
         450
      ],
      "type": "custom"
   },
   "hotbar_settings": {
      "size": [
         42,
         22
      ],
      "controls": [
         {
            "texture": {
               "type": "image",
               "texture": "textures/ui/hotbar_double",
               "controls": [
                  {
                     "keyboard_right_button@common_buttons.light_text_button": {
                        "$border_visible": true,
                        "size": [
                           16,
                           16
                        ],
                        "$pressed_button_name": "button.hotbar_inventory_right",
                        "$button_text": "§l>",
                        "layer": 4096,
                        "offset": [
                           10,
                           0
                        ],
                        "prevent_touch_input": true
                     }
                  },
                  {
                     "keyboard_left_button@common_buttons.light_text_button": {
                        "$border_visible": true,
                        "size": [
                           16,
                           16
                        ],
                        "$pressed_button_name": "button.hotbar_inventory_left",
                        "$button_text": "§l<",
                        "layer": 4096,
                        "offset": [
                           -10,
                           0
                        ],
                        "prevent_touch_input": true
                     }
                  }
               ],
               "prevent_touch_input": true
            }
         }
      ],
      "type": "panel",
      "bindings": [
         {
            "binding_type": "view",
            "source_control_name": "hud_hotbar_selector",
            "source_property_name": "#toggle_state",
            "target_property_name": "#visible"
         }
      ],
      "anchor_from": "bottom_right",
      "anchor_to": "bottom_right",
      "offset": [
         0,
         1
      ],
      "prevent_touch_input": true
   },
   "player_list": {
      "type": "grid",
      "anchor_from": "top_left",
      "anchor_to": "top_left",
      "collection_name": "players_collection",
      "grid_dimension_binding": "#players_grid_dimension",
      "grid_item_template": "hud.player_item",
      "size": [
         "100%c",
         "100%c"
      ],
      "offset": [
         0,
         0
      ],
      "bindings": [
         {
            "binding_condition": "always",
            "binding_name": "#players_grid_dimension"
         }
      ]
   },
   "player_item": {
      "type": "panel",
      "size": [
         240,
         22
      ],
      "layer": 2,
      "controls": [
         {
            "player": {
               "type": "image",
               "texture": "textures/ui/Black",
               "size": [
                  "100%",
                  20
               ],
               "alpha": 0.55,
               "controls": [
                  {
                     "info": {
                        "type": "stack_panel",
                        "orientation": "horizontal",
                        "size": [
                           "100%c",
                           "100%c"
                        ],
                        "controls": [
                           {
                              "gamertag": {
                                 "type": "label",
                                 "size": [
                                    "default",
                                    10
                                 ],
                                 "layer": 3,
                                 "text": "#gamertag",
                                 "bindings": [
                                    {
                                       "binding_name": "#gamertag",
                                       "binding_type": "collection",
                                       "binding_collection_name": "players_collection"
                                    }
                                 ]
                              }
                           }
                        ]
                     }
                  }
               ]
            }
         }
      ]
   },
   "modal_title": {
      "type": "image",
      "texture": ".ytils/bg/background_header",
      "size": [
         "100%",
         30
      ],
      "controls": [
         {
            "title": {
               "type": "label",
               "text": "modal.title.text",
               "font_type": "MinecraftTen",
               "font_scale_factor": 1.4
            }
         }
      ]
   },
   "modal_content": {
      "type": "image",
      "texture": ".ytils/bg/background_header",
      "size": [
         "100%",
         175
      ],
      "controls": [
         {
            "scroller@common.scrolling_panel": {
               "$scrolling_pane_size": [
                  "90%",
                  "90% - 6px"
               ],
               "$scrolling_pane_offset": [
                  4,
                  0
               ],
               "$scrolling_content": "hud.player_list",
               "$scroll_size": [
                  5,
                  "100% - 6px"
               ],
               "$show_background": false,
               "offset": [
                  15.5,
                  13
               ],
               "$always_handle_scrolling": true
            }
         }
      ]
   },
   "modal": {
      "type": "stack_panel",
      "size": [
         275,
         "100%c"
      ],
      "controls": [
         {
            "title@hud.modal_title": {}
         },
         {
            "content@hud.modal_content": {}
         }
      ]
   },
   "root_panel": {
      "modifications": [
         {
            "array_name": "controls",
            "operation": "insert_front",
            "value": [
               {
                  "input": {
                     "type": "input_panel",
                     "prevent_touch_input": true,
                     "size": [
                        "100%c",
                        "100%c"
                     ],
                     "controls": [
                        {
                           "modal@hud.modal": {
                              "bindings": [
                                 {
                                    "binding_type": "view",
                                    "source_control_name": "open_modal",
                                    "source_property_name": "#toggle_state",
                                    "target_property_name": "#visible"
                                 }
                              ]
                           }
                        }
                     ]
                  }
               },
               {
                  "button": {
                     "type": "input_panel",
                     "prevent_touch_input": true,
                     "size": [
                        "100%c",
                        "100%c"
                     ],
                     "anchor_from": "top_right",
                     "anchor_to": "top_right",
                     "controls": [
                        {
                           "toggle@common_toggles.light_text_toggle": {
                              "$toggle_name": "modal",
                              "$button_text": "Player List",
                              "$toggle_view_binding_name": "open_modal",
                              "anchor_from": "top_right",
                              "anchor_to": "top_right",
                              "size": [
                                 100,
                                 20
                              ]
                           }
                        }
                     ],
                     "bindings": [
                        {
                           "binding_type": "view",
                           "source_control_name": "playerlist",
                           "source_property_name": "#toggle_state",
                           "target_property_name": "#visible"
                        }
                     ]
                  }
               }
            ]
         }
      ]
   },
   "hud_tip_text": {
      "type": "image",
      "texture": ".ytils/bg/clear",
      "controls": [
         {
            "item_text_label": {
               "type": "label",
               "layer": 31,
               "color": "$tool_tip_text",
               "text": "#text",
               "shadow": true,
               "alpha": "@hud.anim_item_name_text_alpha_out",
               "bindings": [
                  {
                     "binding_name": "#tip_text",
                     "binding_name_override": "#text"
                  }
               ]
            }
         }
      ],
      "bindings": [
         {
            "binding_type": "view",
            "source_control_name": "p31",
            "source_property_name": "(not #toggle_state)",
            "target_property_name": "#visible"
         }
      ]
   },
   "centered_gui_elements/hud_player_rend_desktop": {
      "ignored": false
   },
   "root_panel/chat_stack/player_position": {
      "ignored": true
   },
   "root_panel/chat_stack/number_of_days_played": {
      "ignored": true
   },
   "tooltip_helper": {
      "type": "stack_panel",
      "orientation": "horizontal",
      "size": [
         "100%",
         "100%cm"
      ],
      "layer": 100,
      "controls": [
         {
            "icon@$icon_image_ref": {
               "layer": 2
            }
         },
         {
            "padding@common.empty_panel": {
               "size": [
                  2,
                  "100%sm"
               ]
            }
         },
         {
            "centerer": {
               "type": "panel",
               "size": [
                  "100%",
                  "100%sm"
               ],
               "layer": 1,
               "controls": [
                  {
                     "desc@hud.tooltip_helper_icon_description": {}
                  }
               ]
            }
         }
      ],
      "bindings": [
         {
            "binding_type": "view",
            "source_control_name": "p31",
            "source_property_name": "#toggle_state",
            "target_property_name": "#visible"
         }
      ]
   },
   "tooltip_helper_icon_description": {
      "type": "label",
      "$tooltip_helper_description_size|default": [
         "fill",
         "default"
      ],
      "size": "$tooltip_helper_description_size",
      "$tooltip_helper_description_max_size|default": [
         "fill",
         "default"
      ],
      "max_size": "$tooltip_helper_description_max_size",
      "color": "$gamepad_description_text_color",
      "$tooltip_helper_description_shadow|default": true,
      "shadow": "$tooltip_helper_description_shadow",
      "$tooltip_description_offset|default": [
         0,
         0
      ],
      "offset": "$tooltip_description_offset",
      "$tooltip_anchor": "left_middle",
      "anchor_from": "$tooltip_anchor",
      "anchor_to": "$tooltip_anchor",
      "$tip_description_font|default": "default",
      "font_type": "$tip_description_font",
      "text": "#helper_description",
      "controls": [
         {
            "label_background": {
               "$tip_description_background_offset|default": [
                  0,
                  0
               ],
               "$tip_description_background_visible|default": true,
               "type": "image",
               "texture": ".ytils/bg/clear",
               "alpha": 0.5,
               "layer": -1,
               "offset": "$tip_description_background_offset",
               "size": [
                  "100% + 2px",
                  "100% + 2px"
               ],
               "visible": "$tip_description_background_visible"
            }
         }
      ],
      "bindings": [
         {
            "binding_name": "#helper_description",
            "binding_type": "collection",
            "binding_collection_name": "$tooltip_collection_name",
            "binding_condition": "always_when_visible"
         },
         {
            "binding_name": "#helper_description",
            "binding_type": "collection",
            "binding_collection_name": "$tooltip_collection_name",
            "binding_condition": "visible"
         }
      ]
   },
   "chat_paneljava": {
      "type": "panel",
      "visible": false,
      "clips_children": true,
      "anchor_from": "top_left",
      "anchor_to": "top_left",
      "size": [
         "100%",
         "100%c"
      ],
      "max_size": [
         "100%",
         "50%"
      ],
      "controls": [
         {
            "stack_panel": {
               "type": "stack_panel",
               "anchor_from": "bottom_left",
               "anchor_to": "bottom_left",
               "factory": {
                  "name": "chat_item_factory",
                  "max_children_size": 50,
                  "control_ids": {
                     "chat_item": "chat_item@hud.chat_grid_item"
                  }
               }
            }
         }
      ],
      "bindings": [
         {
            "binding_type": "view",
            "source_control_name": "p31",
            "source_property_name": "#toggle_state",
            "target_property_name": "#visible"
         }
      ]
   },
   "chat_panel": {
      "bindings": [
         {
            "binding_type": "view",
            "source_control_name": "p31",
            "source_property_name": "(not #toggle_state)",
            "target_property_name": "#visible"
         }
      ]
   },
   "boss_health_panel": {
      "type": "panel",
      "size": [
         182,
         20
      ],
      "anchor_from": "top_middle",
      "anchor_to": "top_middle",
      "$progress_bar_collection": "boss_bars",
      "controls": [
         {
            "boss_name@boss_name_panel": {}
         },
         {
            "progress_bar_for_collections@common.progress_bar_for_collections": {
               "offset": [
                  0,
                  10
               ]
            }
         }
      ],
      "bindings": [
         {
            "binding_name": "#bar_visible",
            "binding_type": "collection",
            "binding_collection_name": "boss_bars",
            "binding_name_override": "#visible"
         }
      ]
   },
   "boss_health_grid": {
      "type": "grid",
      "grid_dimension_binding": "#boss_grid_dimension",
      "grid_item_template": "hud.boss_health_panel",
      "grid_fill_direction": "vertical",
      "collection_name": "boss_bars",
      "anchor_to": "top_middle",
      "anchor_from": "top_middle",
      "size": [
         182,
         "30%"
      ],
      "bindings": [
         {
            "binding_name": "(not #on_new_death_screen)",
            "binding_name_override": "#visible"
         }
      ]
   },
   "boss_name_panel": {
      "type": "panel",
      "size": [
         "100%",
         "100%c"
      ],
      "anchor_from": "top_middle",
      "anchor_to": "top_middle",
      "controls": [
         {
            "boss_name": {
               "type": "label",
               "color": "$boss_name_text_color",
               "text": "#bossName",
               "anchor_from": "top_middle",
               "anchor_to": "top_middle",
               "shadow": true,
               "bindings": [
                  {
                     "binding_name": "#bossName",
                     "binding_type": "collection",
                     "binding_collection_name": "boss_bars"
                  }
               ]
            }
         }
      ]
   }
}