{
   "namespace": "start",
   "ytils_copyright": {
      "type": "panel",
      "anchor_from": "bottom_middle",
      "anchor_to": "bottom_middle",
      "size": [
         "100%",
         10
      ],
      "controls": [
         {
            "_version": {
               "type": "label",
               "color": "$main_header_text_color",
               "anchor_from": "top_left",
               "anchor_to": "top_left",
               "size": [
                  "default",
                  10
               ],
               "offset": [
                  0,
                  -12
               ],
               "layer": 1,
               "controls": [
                  {
                     "label_background": {
                        "type": "image",
                        "texture": "textures/ui/White",
                        "anchor_from": "top_right",
                        "anchor_to": "top_right",
                        "offset": [
                           3,
                           -1
                        ],
                        "alpha": 0.6,
                        "color": [
                           0,
                           0,
                           0
                        ],
                        "size": [
                           "100% + 4px",
                           "100% + 2px"
                        ],
                        "layer": -5
                     }
                  }
               ],
               "text": "('Ytils v' + $ver)"
            }
         },
         {
            "minecraft_version": {
               "type": "label",
               "color": "$main_header_text_color",
               "anchor_from": "top_left",
               "anchor_to": "top_left",
               "size": [
                  "default",
                  10
               ],
               "text": "all rights reserved by Yami",
               "layer": 1,
               "controls": [
                  {
                     "label_background": {
                        "type": "image",
                        "texture": "textures/ui/White",
                        "anchor_from": "top_right",
                        "anchor_to": "top_right",
                        "offset": [
                           3,
                           -1
                        ],
                        "alpha": 0.6,
                        "color": [
                           0,
                           0,
                           0
                        ],
                        "size": [
                           "100% + 4px",
                           "100% + 2px"
                        ],
                        "layer": -5
                     }
                  }
               ]
            }
         }
      ],
      "offset": [
         0,
         -1
      ],
      "layer": "5000"
   },
   "text_panel": {
      "type": "panel",
      "size": [
         "100%-2px",
         10
      ],
      "offset": [
         0,
         -1
      ],
      "anchor_from": "bottom_middle",
      "anchor_to": "bottom_middle",
      "controls": [
         {},
         {
            "copyrights@start.ytils_copyright": {}
         },
         {
            "version_vanilla@start.version": {}
         }
      ],
      "layer": "5000"
   }
}