{
    "format_version": "1.8.0",
    "animations": {
        "animation.offhand_hud": {
            "loop": true,
            "bones": {
                "offhand_hud": {
                    "rotation": [
                        0,
                        0,
                        0
                    ],
                    "position": [
                        0,
                        "q.is_swimming ? -17",
                        0
                    ],
                    "scale": 1
                }
            }
        }
    }
}