{
    "format_version": "1.12.0",
    "minecraft:geometry": [
        {
            "description": {
                "identifier": "geometry.leggings",
                "texture_width": 16,
                "texture_height": 16
            },
            "bones": [
                {
                    "name": "leggings",
                    "pivot": [
                        0.0,
                        0.0,
                        0.0
                    ],
                    "cubes": [
                        {
                            "origin": [
                                0,
                                0,
                                0
                            ],
                            "size": [
                                16,
                                16,
                                0.1
                            ],
                            "uv": [
                                0,
                                0
                            ]
                        }
                    ]
                }
            ]
        }
    ]
}