{
    "format_version": "1.12.0",
    "minecraft:geometry": [
        {
            "description": {
                "identifier": "geometry.offhand_slot",
                "texture_width": 14,
                "texture_height": 14
            },
            "bones": [
                {
                    "name": "offhand_hud",
                    "pivot": [
                        0.0,
                        0.0,
                        0.0
                    ],
                    "cubes": [
                        {
                            "origin": [
                                5,
                                -899.6,
                                0.0
                            ],
                            "size": [
                                14,
                                14,
                                0.0
                            ],
                            "uv": [
                                0,
                                0
                            ],
                            "rotation": [
                                0.0,
                                0.0,
                                0.0
                            ]
                        }
                    ]
                }
            ]
        },
        {
            "description": {
                "identifier": "geometry.offhand_slot_bg",
                "texture_width": 18,
                "texture_height": 18
            },
            "bones": [
                {
                    "name": "offhand_hud",
                    "pivot": [
                        0.0,
                        0.0,
                        0.0
                    ],
                    "cubes": [
                        {
                            "origin": [
                                2.8,
                                -901.6,
                                0.0
                            ],
                            "size": [
                                19,
                                19,
                                0.0
                            ],
                            "uv": [
                                0,
                                0
                            ],
                            "rotation": [
                                0.0,
                                0.0,
                                0.0
                            ]
                        }
                    ]
                }
            ]
        }
    ]
}