{
   "namespace": "hacks",
   "horionbase": {
      "type": "image",
      "size": [
         70,
         70
      ],
      "texture": ".ytils/modules/hacks/horion",
      "anchor_from": "top_left",
      "anchor_to": "top_left"
   },
   "vapebase": {
      "type": "image",
      "size": [
         70,
         70
      ],
      "texture": ".ytils/modules/hacks/vape",
      "anchor_from": "top_left",
      "anchor_to": "top_left"
   },
   "wurstbase": {
      "type": "image",
      "size": [
         70,
         70
      ],
      "texture": ".ytils/modules/hacks/wurst",
      "anchor_from": "top_left",
      "anchor_to": "top_left"
   },
   "vectorbase": {
      "type": "image",
      "size": [
         70,
         70
      ],
      "texture": ".ytils/modules/hacks/vector",
      "anchor_from": "top_left",
      "anchor_to": "top_left"
   },
   "packetbase": {
      "type": "image",
      "size": [
         70,
         70
      ],
      "texture": ".ytils/modules/hacks/packet",
      "anchor_from": "top_left",
      "anchor_to": "top_left"
   },
   "meteorbase": {
      "type": "image",
      "size": [
         70,
         70
      ],
      "texture": ".ytils/modules/hacks/meteor",
      "anchor_from": "top_left",
      "anchor_to": "top_left"
   },
   "horion": {
      "type": "panel",
      "size": [
         70,
         70
      ],
      "controls": [
         {
            "@horionbase": {}
         }
      ],
      "bindings": [
         {
            "binding_type": "view",
            "source_control_name": "horion",
            "source_property_name": "#toggle_state",
            "target_property_name": "#visible"
         }
      ]
   },
   "wurst": {
      "type": "panel",
      "size": [
         70,
         70
      ],
      "controls": [
         {
            "@wurstbase": {}
         }
      ],
      "bindings": [
         {
            "binding_type": "view",
            "source_control_name": "wurst",
            "source_property_name": "#toggle_state",
            "target_property_name": "#visible"
         }
      ]
   },
   "vape": {
      "type": "panel",
      "size": [
         70,
         70
      ],
      "controls": [
         {
            "@vapebase": {}
         }
      ],
      "bindings": [
         {
            "binding_type": "view",
            "source_control_name": "vape",
            "source_property_name": "#toggle_state",
            "target_property_name": "#visible"
         }
      ]
   },
   "vector": {
      "type": "panel",
      "size": [
         70,
         70
      ],
      "controls": [
         {
            "@vectorbase": {}
         }
      ],
      "bindings": [
         {
            "binding_type": "view",
            "source_control_name": "vector",
            "source_property_name": "#toggle_state",
            "target_property_name": "#visible"
         }
      ]
   },
   "meteor": {
      "type": "panel",
      "size": [
         70,
         70
      ],
      "controls": [
         {
            "@meteorbase": {}
         }
      ],
      "bindings": [
         {
            "binding_type": "view",
            "source_control_name": "meteor",
            "source_property_name": "#toggle_state",
            "target_property_name": "#visible"
         }
      ]
   },
   "packet": {
      "type": "panel",
      "size": [
         70,
         70
      ],
      "controls": [
         {
            "@packetbase": {}
         }
      ],
      "bindings": [
         {
            "binding_type": "view",
            "source_control_name": "packet",
            "source_property_name": "#toggle_state",
            "target_property_name": "#visible"
         }
      ]
   },
   "waifu": {
      "type": "panel",
      "size": [
         70,
         70
      ],
      "controls": [
         {
            "@waifubase": {}
         }
      ],
      "bindings": [
         {
            "binding_type": "view",
            "source_control_name": "waifu",
            "source_property_name": "#toggle_state",
            "target_property_name": "#visible"
         }
      ]
   },
   "debug": {
      "type": "panel",
      "size": [
         "100%c",
         "100%c"
      ],
      "controls": [
         {
            "@debug_screen": {}
         }
      ],
      "bindings": [
         {
            "binding_type": "view",
            "source_control_name": "p30",
            "source_property_name": "#toggle_state",
            "target_property_name": "#visible"
         }
      ],
      "offset": [
         1,
         -1
      ]
   },
   "content": {
      "type": "stack_panel",
      "size": [
         "100%",
         "100%c"
      ],
      "controls": [
         {
            "@horion": {}
         },
         {
            "@wurst": {}
         },
         {
            "@vape": {}
         },
         {
            "@packet": {}
         },
         {
            "@vector": {}
         },
         {
            "@meteor": {}
         },
         {
            "@waifu": {}
         },
         {
            "@debug": {}
         }
      ],
      "anchor_from": "top_left",
      "anchor_to": "top_left",
      "layer": "5000",
      "offset": [
         6,
         5
      ]
   },
   "content2": {
      "type": "stack_panel",
      "size": [
         "100%",
         "100%c"
      ],
      "anchor_from": "top_left",
      "anchor_to": "top_left",
      "layer": "5000",
      "anchor_from": "bottom_middle",
      "anchor_to": "bottom_middle",
      "controls": [
         {
            "@panelhotbar": {}
         }
      ]
   },
   "hotbar_button": {
      "type": "panel",
      "size": [
         "100%",
         20
      ],
      "offset": [
         0,
         -2
      ],
      "ignored": "(not $show_hotbar_navigator)",
      "layer": 30,
      "controls": [
         {
            "migi@common.button": {
               "$pressed_button_name": "button.hotbar_inventory_right",
               "size": [
                  20,
                  20
               ],
               "offset": [
                  112,
                  0
               ],
               "controls": [
                  {
                     "migi_button_image@migi_button_image": {}
                  }
               ]
            }
         },
         {
            "hidari@common.button": {
               "$pressed_button_name": "button.hotbar_inventory_left",
               "size": [
                  20,
                  20
               ],
               "offset": [
                  -112,
                  0
               ],
               "controls": [
                  {
                     "hidari_button_image@hidari_button_image": {}
                  }
               ]
            }
         }
      ],
      "bindings": [
         {
            "binding_name": "#inventory_touch_button",
            "binding_name_override": "#visible",
            "binding_type": "global"
         }
      ]
   },
   "hidari_button_image": {
      "texture": ".ytils/icons/hotbar_hidari",
      "type": "image",
      "bindings": [
         {
            "binding_name": "#hud_visible",
            "binding_name_override": "#visible",
            "binding_type": "global"
         },
         {
            "binding_name": "#hud_alpha",
            "binding_name_override": "#alpha",
            "binding_type": "global"
         },
         {
            "binding_name": "#hud_propagate_alpha",
            "binding_name_override": "#propagateAlpha",
            "binding_type": "global"
         }
      ]
   },
   "migi_button_image": {
      "texture": ".ytils/icons/hotbar_migi",
      "type": "image",
      "bindings": [
         {
            "binding_name": "#hud_visible",
            "binding_name_override": "#visible",
            "binding_type": "global"
         },
         {
            "binding_name": "#hud_alpha",
            "binding_name_override": "#alpha",
            "binding_type": "global"
         },
         {
            "binding_name": "#hud_propagate_alpha",
            "binding_name_override": "#propagateAlpha",
            "binding_type": "global"
         }
      ]
   },
   "panelhotbar": {
      "type": "panel",
      "size": [
         "100%",
         20
      ],
      "controls": [
         {
            "@hotbar_button": {}
         }
      ],
      "bindings": [
         {
            "binding_type": "view",
            "source_control_name": "hotbar",
            "source_property_name": "#toggle_state",
            "target_property_name": "#visible"
         }
      ]
   },
   "waifubase": {
      "type": "image",
      "size": [
         70,
         70
      ],
      "texture": ".ytils/icons/waifu",
      "anchor_from": "top_left",
      "anchor_to": "top_left"
   },
   "debug_screen": {
      "type": "stack_panel",
      "size": [
         70,
         120
      ],
      "anchor_from": "top_left",
      "anchor_to": "top_left",
      "controls": [
         {
            "text": {
               "type": "label",
               "text": "§aYtils modules",
               "shadow": true
            }
         },
         {
            "padding": {
               "type": "image",
               "texture": ".ytils/bg/clear",
               "size": [
                  1,
                  1
               ]
            }
         },
         {
            "text": {
               "type": "label",
               "text": "('module version: ' + $ver)",
               "shadow": true
            }
         },
         {
            "padding": {
               "type": "image",
               "texture": ".ytils/bg/clear",
               "size": [
                  1,
                  1
               ]
            }
         },
         {
            "player_position": {
               "type": "image",
               "size": [
                  "100%c + 6px",
                  "100%c + 2px"
               ],
               "texture": ".ytils/bg/clear",
               "alpha": 0.7,
               "controls": [
                  {
                     "player_position_text": {
                        "type": "label",
                        "anchor_from": "bottom_middle",
                        "anchor_to": "bottom_middle",
                        "layer": 1,
                        "enable_profanity_filter": false,
                        "color": "$chat_text_color",
                        "text": "#text",
                        "shadow": true,
                        "bindings": [
                           {
                              "binding_name": "#player_position_text",
                              "binding_name_override": "#text",
                              "binding_condition": "always_when_visible",
                              "binding_type": "global"
                           }
                        ]
                     }
                  }
               ],
               "bindings": [
                  {
                     "binding_name": "#player_position_visible",
                     "binding_name_override": "#visible",
                     "binding_condition": "always",
                     "binding_type": "global"
                  }
               ]
            }
         },
         {
            "padding": {
               "type": "image",
               "texture": ".ytils/bg/clear",
               "size": [
                  1,
                  1
               ]
            }
         },
         {
            "number_of_days_played": {
               "type": "image",
               "size": [
                  "100%c + 6px",
                  "100%c + 2px"
               ],
               "texture": ".ytils/bg/clear",
               "alpha": 0.7,
               "controls": [
                  {
                     "number_of_days_played_text": {
                        "type": "label",
                        "layer": 1,
                        "enable_profanity_filter": false,
                        "color": "$chat_text_color",
                        "text": "#text",
                        "shadow": true,
                        "bindings": [
                           {
                              "binding_name": "#number_of_days_played_text",
                              "binding_name_override": "#text",
                              "binding_condition": "always_when_visible",
                              "binding_type": "global"
                           }
                        ]
                     }
                  }
               ],
               "bindings": [
                  {
                     "binding_name": "#number_of_days_played_visible",
                     "binding_name_override": "#visible",
                     "binding_condition": "always",
                     "binding_type": "global"
                  }
               ]
            }
         },
         {
            "padding": {
               "type": "image",
               "texture": ".ytils/bg/clear",
               "size": [
                  1,
                  1
               ]
            }
         },
         {
            "chunk_label": {
               "type": "label",
               "text": "Chunk:",
               "shadow": true
            }
         },
         {
            "chunk_pos": {
               "type": "label",
               "text": "#final_chunk_text",
               "layer": 1,
               "enable_profanity_filter": false,
               "color": "$chat_text_color",
               "shadow": true,
               "bindings": [
                  {
                     "binding_type": "view",
                     "source_control_name": "player_position_text",
                     "source_property_name": "#text",
                     "target_property_name": "#raw_player_position_text"
                  },
                  {
                     "binding_type": "view",
                     "source_property_name": "(#raw_player_position_text - '-0' - '-1' - '-2' - '-3' - '-4' - '-5' - '-6' - '-7' - '-8' - '-9')",
                     "target_property_name": "#raw_1"
                  },
                  {
                     "binding_type": "view",
                     "source_property_name": "(#raw_1 - '0' - '1' - '2' - '3' - '4' - '5' - '6' - '7' - '8' - '9')",
                     "target_property_name": "#raw_2"
                  },
                  {
                     "binding_type": "view",
                     "source_property_name": "(#raw_player_position_text - (#raw_2 - ' , , ' - ':'))",
                     "target_property_name": "#raw_coords"
                  },
                  {
                     "binding_type": "view",
                     "source_property_name": "(#raw_coords - ':')",
                     "target_property_name": "#x_coord"
                  },
                  {
                     "binding_type": "view",
                     "source_property_name": "(#raw_coords - (': ' + #x_coord + ','))",
                     "target_property_name": "#y_coord"
                  },
                  {
                     "binding_type": "view",
                     "source_property_name": "(#raw_coords - (': ' + #x_coord + ', ' + #y_coord + ','))",
                     "target_property_name": "#z_coord"
                  },
                  {
                     "binding_type": "view",
                     "source_property_name": "((#x_coord - (#x_coord < 0) * 15) / 16)",
                     "target_property_name": "#x_chunk"
                  },
                  {
                     "binding_type": "view",
                     "source_property_name": "((#y_coord - (#y_coord < 0) * 15) / 16)",
                     "target_property_name": "#y_chunk"
                  },
                  {
                     "binding_type": "view",
                     "source_property_name": "((#z_coord - (#z_coord < 0) * 15) / 16)",
                     "target_property_name": "#z_chunk"
                  },
                  {
                     "binding_type": "view",
                     "source_property_name": "(#x_coord - (#x_chunk * 16))",
                     "target_property_name": "#x_pos_in_chunk"
                  },
                  {
                     "binding_type": "view",
                     "source_property_name": "(#y_coord - (#y_chunk * 16))",
                     "target_property_name": "#y_pos_in_chunk"
                  },
                  {
                     "binding_type": "view",
                     "source_property_name": "(#z_coord - (#z_chunk * 16))",
                     "target_property_name": "#z_pos_in_chunk"
                  },
                  {
                     "binding_type": "view",
                     "source_property_name": "('§r' + #x_chunk + ', ' + #y_chunk + ', ' + #z_chunk + ' [ ' + #x_pos_in_chunk + ', ' + #y_pos_in_chunk + ', ' + #z_pos_in_chunk + ' ]')",
                     "target_property_name": "#final_chunk_text"
                  }
               ]
            }
         },
         {
            "padding": {
               "type": "image",
               "texture": ".ytils/bg/clear",
               "size": [
                  1,
                  1
               ]
            }
         },
         {
            "itemintex": {
               "type": "label",
               "layer": 100,
               "text": "item in hand:",
               "shadow": true
            }
         },
         {
            "itemintext_text": {
               "type": "label",
               "layer": 100,
               "text": "#text",
               "shadow": true,
               "bindings": [
                  {
                     "binding_name": "#item_text",
                     "binding_name_override": "#text",
                     "binding_condition": "always_when_visible",
                     "binding_type": "global"
                  }
               ]
            }
         }
      ],
      "layer": 700
   }
}