{
   "namespace": "hotbar",
   "keyboard_left_button@settings_common.action_button": {
      "offset": [
         -40,
         0
      ],
      "$border_visible": true,
      "size": [
         19,
         19
      ],
      "$pressed_button_name": "button.hotbar_inventory_left",
      "$button_text": "§l<",
      "ignored": "($win10_editionor$console_edition)",
      "prevent_touch_input": true
   },
   "keyboard_right_button@settings_common.action_button": {
      "offset": [
         40,
         0
      ],
      "$border_visible": true,
      "size": [
         19,
         19
      ],
      "$pressed_button_name": "button.hotbar_inventory_right",
      "$button_text": "§l>",
      "ignored": "($win10_editionor$console_edition)",
      "prevent_touch_input": true
   },
   "hotbar_panel_child": {
      "namespace": "panel",
      "size": [
         "100%c",
         "100%c"
      ],
      "controls": [
         {
            "@keyboard_left_button": {}
         },
         {
            "@keyboard_right_button": {}
         }
      ],
      "bindings": [
         {
            "binding_type": "view",
            "source_control_name": "hotbar",
            "source_property_name": "#toggle_state",
            "target_property_name": "#visible"
         }
      ]
   },
   "hotbar_panel": {
      "namespace": "panel",
      "size": [
         "100%",
         "100%"
      ],
      "controls": [
         {
            "c@hotbar_panel_child": {}
         }
      ],
      "anchor_to": "top_middle",
      "anchor_from": "top_middle"
   }
}